fromID,fromGroupID,fromName,fromIdo,fromKeido,toID,toGroupID,toName,toIdo,toKeido,time,routeID,routeName,r,g,b
1130101,1130101,東京,139.766103,35.681391,1130102,1130102,新橋,139.758587,35.666195,2,11301,JR東海道本線(東京～熱海),232,144,61
1130102,1130102,新橋,139.758587,35.666195,1130103,1130103,品川,139.738999,35.62876,4,11301,JR東海道本線(東京～熱海),232,144,61
1130201,1130201,大崎,139.728439,35.619772,1130202,1130202,五反田,139.723822,35.625974,2,11302,JR山手線,165,204,79
1130202,1130202,五反田,139.723822,35.625974,1130203,1130203,目黒,139.715775,35.633923,2,11302,JR山手線,165,204,79
1130203,1130203,目黒,139.715775,35.633923,1130204,1130204,恵比寿,139.71007,35.646685,3,11302,JR山手線,165,204,79
1130204,1130204,恵比寿,139.71007,35.646685,1130205,1130205,渋谷,139.701238,35.658871,2,11302,JR山手線,165,204,79
1130205,1130205,渋谷,139.701238,35.658871,1130206,1130206,原宿,139.702592,35.670646,3,11302,JR山手線,165,204,79
1130206,1130206,原宿,139.702592,35.670646,1130207,1130207,代々木,139.702042,35.683061,3,11302,JR山手線,165,204,79
1130207,1130207,代々木,139.702042,35.683061,1130208,1130208,新宿,139.700464,35.689729,2,11302,JR山手線,165,204,79
1130208,1130208,新宿,139.700464,35.689729,1130209,1130209,新大久保,139.700261,35.700875,3,11302,JR山手線,165,204,79
1130209,1130209,新大久保,139.700261,35.700875,1130210,1130210,高田馬場,139.703715,35.712677,2,11302,JR山手線,165,204,79
1130210,1130210,高田馬場,139.703715,35.712677,1130211,1130211,目白,139.706228,35.720476,1,11302,JR山手線,165,204,79
1130211,1130211,目白,139.706228,35.720476,1130212,1130212,池袋,139.711086,35.730256,3,11302,JR山手線,165,204,79
1130212,1130212,池袋,139.711086,35.730256,1130213,1130213,大塚,139.728584,35.731412,3,11302,JR山手線,165,204,79
1130213,1130213,大塚,139.728584,35.731412,1130214,1130214,巣鴨,139.739303,35.733445,2,11302,JR山手線,165,204,79
1130214,1130214,巣鴨,139.739303,35.733445,1130215,1130215,駒込,139.748053,35.736825,2,11302,JR山手線,165,204,79
1130215,1130215,駒込,139.748053,35.736825,1130216,1130216,田端,139.761229,35.737781,2,11302,JR山手線,165,204,79
1130216,1130216,田端,139.761229,35.737781,1130217,1130217,西日暮里,139.766857,35.731954,1,11302,JR山手線,165,204,79
1130217,1130217,西日暮里,139.766857,35.731954,1130218,1130218,日暮里,139.771287,35.727908,2,11302,JR山手線,165,204,79
1130218,1130218,日暮里,139.771287,35.727908,1130219,1130219,鶯谷,139.778015,35.721484,2,11302,JR山手線,165,204,79
1130219,1130219,鶯谷,139.778015,35.721484,1130220,1130220,上野,139.777043,35.71379,2,11302,JR山手線,165,204,79
1130220,1130220,上野,139.777043,35.71379,1130221,1130221,御徒町,139.774727,35.707282,1,11302,JR山手線,165,204,79
1130221,1130221,御徒町,139.774727,35.707282,1130222,1130222,秋葉原,139.773288,35.698619,2,11302,JR山手線,165,204,79
1130222,1130222,秋葉原,139.773288,35.698619,1130223,1130223,神田,139.770641,35.691173,2,11302,JR山手線,165,204,79
1130223,1130223,神田,139.770641,35.691173,1130224,1130101,東京,139.766103,35.681391,2,11302,JR山手線,165,204,79
1130224,1130101,東京,139.766103,35.681391,1130225,1130225,有楽町,139.763806,35.675441,2,11302,JR山手線,165,204,79
1130225,1130225,有楽町,139.763806,35.675441,1130226,1130102,新橋,139.758587,35.666195,2,11302,JR山手線,165,204,79
1130226,1130102,新橋,139.758587,35.666195,1130227,1130227,浜松町,139.757135,35.655391,3,11302,JR山手線,165,204,79
1130227,1130227,浜松町,139.757135,35.655391,1130228,1130228,田町,139.747575,35.645736,3,11302,JR山手線,165,204,79
1130228,1130228,田町,139.747575,35.645736,1130230,1130230,高輪ゲートウェイ,139.7407,35.6355,2,11302,JR山手線,165,204,79
1130229,1130103,品川,139.738999,35.62876,1130201,1130201,大崎,139.728439,35.619772,2,11302,JR山手線,165,204,79
1130230,1130230,高輪ゲートウェイ,139.7407,35.6355,1130229,1130103,品川,139.738999,35.62876,2,11302,JR山手線,165,204,79
1130317,1130317,矢野口,139.520849,35.641305,1130318,1130318,稲城長沼,139.502811,35.644184,3,11303,JR南武線,248,214,72
1130318,1130318,稲城長沼,139.502811,35.644184,1130319,1130319,南多摩,139.489781,35.649249,2,11303,JR南武線,248,214,72
1130319,1130319,南多摩,139.489781,35.649249,1130320,1130320,府中本町,139.477142,35.665766,3,11303,JR南武線,248,214,72
1130320,1130320,府中本町,139.477142,35.665766,1130321,1130321,分倍河原,139.468798,35.668493,2,11303,JR南武線,248,214,72
1130321,1130321,分倍河原,139.468798,35.668493,1130329,1130329,西府,139.457477,35.670912,2,11303,JR南武線,248,214,72
1130322,1130322,谷保,139.446724,35.681377,1130323,1130323,矢川,139.431611,35.685079,2,11303,JR南武線,248,214,72
1130323,1130323,矢川,139.431611,35.685079,1130324,1130324,西国立,139.423887,35.69375,2,11303,JR南武線,248,214,72
1130324,1130324,西国立,139.423887,35.69375,1130325,1130325,立川,139.413704,35.698202,2,11303,JR南武線,248,214,72
1130329,1130329,西府,139.457477,35.670912,1130322,1130322,谷保,139.446724,35.681377,2,11303,JR南武線,248,214,72
1130501,1130320,府中本町,139.477142,35.665766,1130502,1130502,北府中,139.471792,35.68088,2,11305,JR武蔵野線,223,100,54
1130502,1130502,北府中,139.471792,35.68088,1130503,1130503,西国分寺,139.465994,35.699744,3,11305,JR武蔵野線,223,100,54
1130503,1130503,西国分寺,139.465994,35.699744,1130504,1130504,新小平,139.470745,35.73128,4,11305,JR武蔵野線,223,100,54
1130504,1130504,新小平,139.470745,35.73128,1130505,1130505,新秋津,139.493592,35.778331,5,11305,JR武蔵野線,223,100,54
1130610,1130610,成瀬,139.472875,35.535412,1130611,1130611,町田,139.445579,35.542004,4,11306,JR横浜線,143,193,86
1130617,1130617,相原,139.33169,35.60694,1130618,1130618,八王子みなみ野,139.330678,35.630664,4,11306,JR横浜線,143,193,86
1130618,1130618,八王子みなみ野,139.330678,35.630664,1130619,1130619,片倉,139.34119,35.639704,2,11306,JR横浜線,143,193,86
1130619,1130619,片倉,139.34119,35.639704,1130620,1130620,八王子,139.338998,35.655555,3,11306,JR横浜線,143,193,86
1130801,1130101,東京,139.766103,35.681391,1130802,1130102,新橋,139.758587,35.666195,2,11308,JR横須賀線,43,101,186
1130802,1130102,新橋,139.758587,35.666195,1130803,1130103,品川,139.738999,35.62876,4,11308,JR横須賀線,43,101,186
1130803,1130103,品川,139.738999,35.62876,1130804,1130804,西大井,139.721729,35.601616,4,11308,JR横須賀線,43,101,186
1131101,1130101,東京,139.766103,35.681391,1131102,1131102,四ツ谷,139.730644,35.686041,9,11311,JR中央本線(東京～塩尻),223,100,54
1131102,1131102,四ツ谷,139.730644,35.686041,1131103,1130208,新宿,139.700464,35.689729,6,11311,JR中央本線(東京～塩尻),223,100,54
1131103,1130208,新宿,139.700464,35.689729,1131104,1131104,吉祥寺,139.579765,35.703119,15,11311,JR中央本線(東京～塩尻),223,100,54
1131104,1131104,吉祥寺,139.579765,35.703119,1131105,1131105,三鷹,139.560325,35.702683,2,11311,JR中央本線(東京～塩尻),223,100,54
1131105,1131105,三鷹,139.560325,35.702683,1131106,1131106,国分寺,139.480841,35.700123,6,11311,JR中央本線(東京～塩尻),223,100,54
1131106,1131106,国分寺,139.480841,35.700123,1131107,1130325,立川,139.413704,35.698202,6,11311,JR中央本線(東京～塩尻),223,100,54
1131107,1130325,立川,139.413704,35.698202,1131108,1131108,日野,139.39393,35.679244,3,11311,JR中央本線(東京～塩尻),223,100,54
1131108,1131108,日野,139.39393,35.679244,1131109,1131109,豊田,139.381495,35.659502,3,11311,JR中央本線(東京～塩尻),223,100,54
1131109,1131109,豊田,139.381495,35.659502,1131110,1130620,八王子,139.338998,35.655555,4,11311,JR中央本線(東京～塩尻),223,100,54
1131110,1130620,八王子,139.338998,35.655555,1131111,1131111,西八王子,139.31264,35.656621,2,11311,JR中央本線(東京～塩尻),223,100,54
1131111,1131111,西八王子,139.31264,35.656621,1131112,1131112,高尾,139.282288,35.642026,4,11311,JR中央本線(東京～塩尻),223,100,54
1131201,1130101,東京,139.766103,35.681391,1131202,1130223,神田,139.770641,35.691173,2,11312,JR中央線(快速),223,100,54
1131202,1130223,神田,139.770641,35.691173,1131203,1131203,御茶ノ水,139.764955,35.699605,2,11312,JR中央線(快速),223,100,54
1131203,1131203,御茶ノ水,139.764955,35.699605,1131207,1131102,四ツ谷,139.730644,35.686041,5,11312,JR中央線(快速),223,100,54
1131207,1131102,四ツ谷,139.730644,35.686041,1131211,1130208,新宿,139.700464,35.689729,6,11312,JR中央線(快速),223,100,54
1131211,1130208,新宿,139.700464,35.689729,1131214,1131214,中野,139.665835,35.705765,5,11312,JR中央線(快速),223,100,54
1131214,1131214,中野,139.665835,35.705765,1131215,1131215,高円寺,139.649664,35.705326,1,11312,JR中央線(快速),223,100,54
1131215,1131215,高円寺,139.649664,35.705326,1131216,1131216,阿佐ケ谷,139.635868,35.704818,2,11312,JR中央線(快速),223,100,54
1131216,1131216,阿佐ケ谷,139.635868,35.704818,1131217,1131217,荻窪,139.620109,35.704523,2,11312,JR中央線(快速),223,100,54
1131217,1131217,荻窪,139.620109,35.704523,1131218,1131218,西荻窪,139.599361,35.703842,2,11312,JR中央線(快速),223,100,54
1131218,1131218,西荻窪,139.599361,35.703842,1131219,1131104,吉祥寺,139.579765,35.703119,2,11312,JR中央線(快速),223,100,54
1131219,1131104,吉祥寺,139.579765,35.703119,1131220,1131105,三鷹,139.560325,35.702683,2,11312,JR中央線(快速),223,100,54
1131220,1131105,三鷹,139.560325,35.702683,1131221,1131221,武蔵境,139.543402,35.702083,2,11312,JR中央線(快速),223,100,54
1131221,1131221,武蔵境,139.543402,35.702083,1131222,1131222,東小金井,139.524837,35.701643,3,11312,JR中央線(快速),223,100,54
1131222,1131222,東小金井,139.524837,35.701643,1131223,1131223,武蔵小金井,139.506483,35.701337,2,11312,JR中央線(快速),223,100,54
1131223,1131223,武蔵小金井,139.506483,35.701337,1131224,1131106,国分寺,139.480841,35.700123,3,11312,JR中央線(快速),223,100,54
1131224,1131106,国分寺,139.480841,35.700123,1131225,1130503,西国分寺,139.465994,35.699744,2,11312,JR中央線(快速),223,100,54
1131225,1130503,西国分寺,139.465994,35.699744,1131226,1131226,国立,139.44634,35.69923,2,11312,JR中央線(快速),223,100,54
1131226,1131226,国立,139.44634,35.69923,1131227,1130325,立川,139.413704,35.698202,4,11312,JR中央線(快速),223,100,54
1131227,1130325,立川,139.413704,35.698202,1131228,1131108,日野,139.39393,35.679244,3,11312,JR中央線(快速),223,100,54
1131228,1131108,日野,139.39393,35.679244,1131229,1131109,豊田,139.381495,35.659502,3,11312,JR中央線(快速),223,100,54
1131229,1131109,豊田,139.381495,35.659502,1131230,1130620,八王子,139.338998,35.655555,4,11312,JR中央線(快速),223,100,54
1131230,1130620,八王子,139.338998,35.655555,1131231,1131111,西八王子,139.31264,35.656621,2,11312,JR中央線(快速),223,100,54
1131231,1131111,西八王子,139.31264,35.656621,1131232,1131112,高尾,139.282288,35.642026,4,11312,JR中央線(快速),223,100,54
1131301,1131105,三鷹,139.560325,35.702683,1131302,1131104,吉祥寺,139.579765,35.703119,2,11313,JR中央・総武緩行線,249,214,72
1131302,1131104,吉祥寺,139.579765,35.703119,1131303,1131218,西荻窪,139.599361,35.703842,2,11313,JR中央・総武緩行線,249,214,72
1131303,1131218,西荻窪,139.599361,35.703842,1131304,1131217,荻窪,139.620109,35.704523,3,11313,JR中央・総武緩行線,249,214,72
1131304,1131217,荻窪,139.620109,35.704523,1131305,1131216,阿佐ケ谷,139.635868,35.704818,2,11313,JR中央・総武緩行線,249,214,72
1131305,1131216,阿佐ケ谷,139.635868,35.704818,1131306,1131215,高円寺,139.649664,35.705326,2,11313,JR中央・総武緩行線,249,214,72
1131306,1131215,高円寺,139.649664,35.705326,1131307,1131214,中野,139.665835,35.705765,2,11313,JR中央・総武緩行線,249,214,72
1131307,1131214,中野,139.665835,35.705765,1131308,1131308,東中野,139.684436,35.706529,3,11313,JR中央・総武緩行線,249,214,72
1131308,1131308,東中野,139.684436,35.706529,1131309,1131309,大久保,139.69732,35.700784,2,11313,JR中央・総武緩行線,249,214,72
1131309,1131309,大久保,139.69732,35.700784,1131310,1130208,新宿,139.700464,35.689729,3,11313,JR中央・総武緩行線,249,214,72
1131310,1130208,新宿,139.700464,35.689729,1131311,1130207,代々木,139.702042,35.683061,1,11313,JR中央・総武緩行線,249,214,72
1131311,1130207,代々木,139.702042,35.683061,1131312,1131312,千駄ケ谷,139.711644,35.681231,2,11313,JR中央・総武緩行線,249,214,72
1131312,1131312,千駄ケ谷,139.711644,35.681231,1131313,1131313,信濃町,139.720729,35.680031,2,11313,JR中央・総武緩行線,249,214,72
1131313,1131313,信濃町,139.720729,35.680031,1131314,1131102,四ツ谷,139.730644,35.686041,2,11313,JR中央・総武緩行線,249,214,72
1131314,1131102,四ツ谷,139.730644,35.686041,1131315,1131315,市ケ谷,139.735583,35.691,2,11313,JR中央・総武緩行線,249,214,72
1131315,1131315,市ケ谷,139.735583,35.691,1131316,1131316,飯田橋,139.745143,35.701835,2,11313,JR中央・総武緩行線,249,214,72
1131316,1131316,飯田橋,139.745143,35.701835,1131317,1131317,水道橋,139.754312,35.702039,2,11313,JR中央・総武緩行線,249,214,72
1131317,1131317,水道橋,139.754312,35.702039,1131318,1131203,御茶ノ水,139.764955,35.699605,2,11313,JR中央・総武緩行線,249,214,72
1131318,1131203,御茶ノ水,139.764955,35.699605,1131319,1130222,秋葉原,139.773288,35.698619,2,11313,JR中央・総武緩行線,249,214,72
1131319,1130222,秋葉原,139.773288,35.698619,1131320,1131320,浅草橋,139.784427,35.697403,2,11313,JR中央・総武緩行線,249,214,72
1131320,1131320,浅草橋,139.784427,35.697403,1131321,1131321,両国,139.793334,35.69579,2,11313,JR中央・総武緩行線,249,214,72
1131321,1131321,両国,139.793334,35.69579,1131322,1131322,錦糸町,139.814136,35.696802,3,11313,JR中央・総武緩行線,249,214,72
1131322,1131322,錦糸町,139.814136,35.696802,1131323,1131323,亀戸,139.826262,35.697345,2,11313,JR中央・総武緩行線,249,214,72
1131323,1131323,亀戸,139.826262,35.697345,1131324,1131324,平井,139.842181,35.70643,3,11313,JR中央・総武緩行線,249,214,72
1131324,1131324,平井,139.842181,35.70643,1131325,1131325,新小岩,139.857777,35.716903,2,11313,JR中央・総武緩行線,249,214,72
1131325,1131325,新小岩,139.857777,35.716903,1131326,1131326,小岩,139.881755,35.733207,3,11313,JR中央・総武緩行線,249,214,72
1131401,1130101,東京,139.766103,35.681391,1131402,1131402,新日本橋,139.77323,35.688687,2,11314,JR総武本線,249,214,72
1131402,1131402,新日本橋,139.77323,35.688687,1131403,1131403,馬喰町,139.78238,35.693365,2,11314,JR総武本線,249,214,72
1131403,1131403,馬喰町,139.78238,35.693365,1131404,1131322,錦糸町,139.814136,35.696802,4,11314,JR総武本線,249,214,72
1131404,1131322,錦糸町,139.814136,35.696802,1131405,1131325,新小岩,139.857777,35.716903,7,11314,JR総武本線,249,214,72
1131501,1130325,立川,139.413704,35.698202,1131502,1131502,西立川,139.393556,35.703526,4,11315,JR青梅線,223,100,54
1131502,1131502,西立川,139.393556,35.703526,1131503,1131503,東中神,139.384529,35.706337,1,11315,JR青梅線,223,100,54
1131503,1131503,東中神,139.384529,35.706337,1131504,1131504,中神,139.375816,35.709058,2,11315,JR青梅線,223,100,54
1131504,1131504,中神,139.375816,35.709058,1131505,1131505,昭島,139.361564,35.713305,2,11315,JR青梅線,223,100,54
1131505,1131505,昭島,139.361564,35.713305,1131506,1131506,拝島,139.343468,35.721278,3,11315,JR青梅線,223,100,54
1131506,1131506,拝島,139.343468,35.721278,1131507,1131507,牛浜,139.333677,35.734547,3,11315,JR青梅線,223,100,54
1131507,1131507,牛浜,139.333677,35.734547,1131508,1131508,福生,139.327763,35.742456,2,11315,JR青梅線,223,100,54
1131508,1131508,福生,139.327763,35.742456,1131509,1131509,羽村,139.316188,35.758073,2,11315,JR青梅線,223,100,54
1131509,1131509,羽村,139.316188,35.758073,1131510,1131510,小作,139.302233,35.776048,3,11315,JR青梅線,223,100,54
1131510,1131510,小作,139.302233,35.776048,1131511,1131511,河辺,139.284032,35.78473,3,11315,JR青梅線,223,100,54
1131511,1131511,河辺,139.284032,35.78473,1131512,1131512,東青梅,139.272841,35.789768,2,11315,JR青梅線,223,100,54
1131512,1131512,東青梅,139.272841,35.789768,1131513,1131513,青梅,139.258096,35.790512,3,11315,JR青梅線,223,100,54
1131513,1131513,青梅,139.258096,35.790512,1131514,1131514,宮ノ平,139.237289,35.787545,3,11315,JR青梅線,223,100,54
1131514,1131514,宮ノ平,139.237289,35.787545,1131515,1131515,日向和田,139.229515,35.788665,2,11315,JR青梅線,223,100,54
1131515,1131515,日向和田,139.229515,35.788665,1131516,1131516,石神前,139.225096,35.79683,2,11315,JR青梅線,223,100,54
1131516,1131516,石神前,139.225096,35.79683,1131517,1131517,二俣尾,139.216161,35.803946,2,11315,JR青梅線,223,100,54
1131517,1131517,二俣尾,139.216161,35.803946,1131518,1131518,軍畑,139.207431,35.807382,2,11315,JR青梅線,223,100,54
1131518,1131518,軍畑,139.207431,35.807382,1131519,1131519,沢井,139.193324,35.80594,2,11315,JR青梅線,223,100,54
1131519,1131519,沢井,139.193324,35.80594,1131520,1131520,御嶽,139.182589,35.801468,3,11315,JR青梅線,223,100,54
1131520,1131520,御嶽,139.182589,35.801468,1131521,1131521,川井,139.16429,35.813697,4,11315,JR青梅線,223,100,54
1131521,1131521,川井,139.16429,35.813697,1131522,1131522,古里,139.152102,35.816247,3,11315,JR青梅線,223,100,54
1131522,1131522,古里,139.152102,35.816247,1131523,1131523,鳩ノ巣,139.128932,35.815127,4,11315,JR青梅線,223,100,54
1131523,1131523,鳩ノ巣,139.128932,35.815127,1131524,1131524,白丸,139.114861,35.811735,2,11315,JR青梅線,223,100,54
1131524,1131524,白丸,139.114861,35.811735,1131525,1131525,奥多摩,139.096961,35.809357,3,11315,JR青梅線,223,100,54
1131601,1131506,拝島,139.343468,35.721278,1131602,1131602,熊川,139.33584,35.728321,1,11316,JR五日市線,223,100,54
1131602,1131602,熊川,139.33584,35.728321,1131603,1131603,東秋留,139.311665,35.725904,3,11316,JR五日市線,223,100,54
1131603,1131603,東秋留,139.311665,35.725904,1131604,1131604,秋川,139.286715,35.727998,4,11316,JR五日市線,223,100,54
1131604,1131604,秋川,139.286715,35.727998,1131605,1131605,武蔵引田,139.269907,35.729711,2,11316,JR五日市線,223,100,54
1131605,1131605,武蔵引田,139.269907,35.729711,1131606,1131606,武蔵増戸,139.256355,35.730961,3,11316,JR五日市線,223,100,54
1131606,1131606,武蔵増戸,139.256355,35.730961,1131607,1131607,武蔵五日市,139.228039,35.732248,4,11316,JR五日市線,223,100,54
1131701,1130620,八王子,139.338998,35.655555,1131702,1131702,北八王子,139.363348,35.669232,3,11317,JR八高線(八王子～高麗川),167,163,158
1131702,1131702,北八王子,139.363348,35.669232,1131703,1131703,小宮,139.368481,35.685799,3,11317,JR八高線(八王子～高麗川),167,163,158
1131703,1131703,小宮,139.368481,35.685799,1131704,1131506,拝島,139.343468,35.721278,6,11317,JR八高線(八王子～高麗川),167,163,158
1131704,1131506,拝島,139.343468,35.721278,1131705,1131705,東福生,139.33594,35.745811,4,11317,JR八高線(八王子～高麗川),167,163,158
1131705,1131705,東福生,139.33594,35.745811,1131706,1131706,箱根ケ崎,139.346805,35.771158,4,11317,JR八高線(八王子～高麗川),167,163,158
1131901,1130220,上野,139.777043,35.71379,1131902,1131902,尾久,139.753846,35.74683,5,11319,JR東北本線,95,175,118
1131902,1131902,尾久,139.753846,35.74683,1131903,1131903,赤羽,139.720928,35.778026,5,11319,JR東北本線,95,175,118
1132001,1130220,上野,139.777043,35.71379,1132002,1130218,日暮里,139.771287,35.727908,3,11320,JR常磐線(上野～取手),80,175,105
1132002,1130218,日暮里,139.771287,35.727908,1132003,1132003,三河島,139.777131,35.733383,3,11320,JR常磐線(上野～取手),80,175,105
1132003,1132003,三河島,139.777131,35.733383,1132004,1132004,南千住,139.7994,35.734033,3,11320,JR常磐線(上野～取手),80,175,105
1132004,1132004,南千住,139.7994,35.734033,1132005,1132005,北千住,139.804872,35.749677,2,11320,JR常磐線(上野～取手),80,175,105
1132005,1132005,北千住,139.804872,35.749677,1132006,1132006,綾瀬,139.825019,35.762222,4,11320,JR常磐線(上野～取手),80,175,105
1132006,1132006,綾瀬,139.825019,35.762222,1132007,1132007,亀有,139.847573,35.766527,2,11320,JR常磐線(上野～取手),80,175,105
1132007,1132007,亀有,139.847573,35.766527,1132008,1132008,金町,139.870482,35.769582,3,11320,JR常磐線(上野～取手),80,175,105
1132101,1130201,大崎,139.728439,35.619772,1132102,1130204,恵比寿,139.71007,35.646685,5,11321,JR埼京線,78,169,154
1132102,1130204,恵比寿,139.71007,35.646685,1132103,1130205,渋谷,139.701238,35.658871,2,11321,JR埼京線,78,169,154
1132103,1130205,渋谷,139.701238,35.658871,1132104,1130208,新宿,139.700464,35.689729,5,11321,JR埼京線,78,169,154
1132104,1130208,新宿,139.700464,35.689729,1132105,1130212,池袋,139.711086,35.730256,9,11321,JR埼京線,78,169,154
1132105,1130212,池袋,139.711086,35.730256,1132106,1132106,板橋,139.719507,35.745435,2,11321,JR埼京線,78,169,154
1132106,1132106,板橋,139.719507,35.745435,1132107,1132107,十条,139.722233,35.760321,3,11321,JR埼京線,78,169,154
1132107,1132107,十条,139.722233,35.760321,1132108,1131903,赤羽,139.720928,35.778026,3,11321,JR埼京線,78,169,154
1132108,1131903,赤羽,139.720928,35.778026,1132109,1132109,北赤羽,139.70569,35.787007,2,11321,JR埼京線,78,169,154
1132109,1132109,北赤羽,139.70569,35.787007,1132110,1132110,浮間舟渡,139.691341,35.791209,2,11321,JR埼京線,78,169,154
1132301,1130220,上野,139.777043,35.71379,1132302,1131902,尾久,139.753846,35.74683,5,11323,JR高崎線,232,144,61
1132302,1131902,尾久,139.753846,35.74683,1132303,1131903,赤羽,139.720928,35.778026,5,11323,JR高崎線,232,144,61
1132601,1130101,東京,139.766103,35.681391,1132602,1132602,八丁堀,139.777705,35.674617,2,11326,JR京葉線,185,54,54
1132602,1132602,八丁堀,139.777705,35.674617,1132603,1132603,越中島,139.792713,35.667946,2,11326,JR京葉線,185,54,54
1132603,1132603,越中島,139.792713,35.667946,1132604,1132604,潮見,139.817341,35.658702,3,11326,JR京葉線,185,54,54
1132604,1132604,潮見,139.817341,35.658702,1132605,1132605,新木場,139.827402,35.646172,2,11326,JR京葉線,185,54,54
1132605,1132605,新木場,139.827402,35.646172,1132606,1132606,葛西臨海公園,139.861529,35.644392,4,11326,JR京葉線,185,54,54
1132805,1130212,池袋,139.711086,35.730256,1132806,1130208,新宿,139.700464,35.689729,6,11328,JR成田エクスプレス,185,54,54
1132806,1130208,新宿,139.700464,35.689729,1132807,1130205,渋谷,139.701238,35.658871,5,11328,JR成田エクスプレス,185,54,54
1132807,1130205,渋谷,139.701238,35.658871,1132808,1130103,品川,139.738999,35.62876,12,11328,JR成田エクスプレス,185,54,54
1132808,1130103,品川,139.738999,35.62876,1132809,1130101,東京,139.766103,35.681391,8,11328,JR成田エクスプレス,185,54,54
1132815,1131112,高尾,139.282288,35.642026,1132816,1130620,八王子,139.338998,35.655555,7,11328,JR成田エクスプレス,185,54,54
1132816,1130620,八王子,139.338998,35.655555,1132817,1130325,立川,139.413704,35.698202,11,11328,JR成田エクスプレス,185,54,54
1132817,1130325,立川,139.413704,35.698202,1132818,1131106,国分寺,139.480841,35.700123,5,11328,JR成田エクスプレス,185,54,54
1132818,1131106,国分寺,139.480841,35.700123,1132819,1131105,三鷹,139.560325,35.702683,10,11328,JR成田エクスプレス,185,54,54
1132819,1131105,三鷹,139.560325,35.702683,1132820,1131104,吉祥寺,139.579765,35.703119,2,11328,JR成田エクスプレス,185,54,54
1132820,1131104,吉祥寺,139.579765,35.703119,1132806,1130208,新宿,139.700464,35.689729,16,11328,JR成田エクスプレス,185,54,54
1133210,1131903,赤羽,139.720928,35.778026,1133211,1133211,東十条,139.726858,35.763803,3,11332,JR京浜東北線,80,175,224
1133211,1133211,東十条,139.726858,35.763803,1133212,1133212,王子,139.73809,35.752538,3,11332,JR京浜東北線,80,175,224
1133212,1133212,王子,139.73809,35.752538,1133213,1133213,上中里,139.745769,35.74728,2,11332,JR京浜東北線,80,175,224
1133213,1133213,上中里,139.745769,35.74728,1133214,1130216,田端,139.761229,35.737781,3,11332,JR京浜東北線,80,175,224
1133214,1130216,田端,139.761229,35.737781,1133215,1130217,西日暮里,139.766857,35.731954,1,11332,JR京浜東北線,80,175,224
1133215,1130217,西日暮里,139.766857,35.731954,1133216,1130218,日暮里,139.771287,35.727908,2,11332,JR京浜東北線,80,175,224
1133216,1130218,日暮里,139.771287,35.727908,1133217,1130219,鶯谷,139.778015,35.721484,2,11332,JR京浜東北線,80,175,224
1133217,1130219,鶯谷,139.778015,35.721484,1133218,1130220,上野,139.777043,35.71379,2,11332,JR京浜東北線,80,175,224
1133218,1130220,上野,139.777043,35.71379,1133219,1130221,御徒町,139.774727,35.707282,1,11332,JR京浜東北線,80,175,224
1133219,1130221,御徒町,139.774727,35.707282,1133220,1130222,秋葉原,139.773288,35.698619,2,11332,JR京浜東北線,80,175,224
1133220,1130222,秋葉原,139.773288,35.698619,1133221,1130223,神田,139.770641,35.691173,2,11332,JR京浜東北線,80,175,224
1133221,1130223,神田,139.770641,35.691173,1133222,1130101,東京,139.766103,35.681391,2,11332,JR京浜東北線,80,175,224
1133222,1130101,東京,139.766103,35.681391,1133223,1130225,有楽町,139.763806,35.675441,2,11332,JR京浜東北線,80,175,224
1133223,1130225,有楽町,139.763806,35.675441,1133224,1130102,新橋,139.758587,35.666195,2,11332,JR京浜東北線,80,175,224
1133224,1130102,新橋,139.758587,35.666195,1133225,1130227,浜松町,139.757135,35.655391,3,11332,JR京浜東北線,80,175,224
1133225,1130227,浜松町,139.757135,35.655391,1133226,1130228,田町,139.747575,35.645736,3,11332,JR京浜東北線,80,175,224
1133226,1130228,田町,139.747575,35.645736,1133227,1130103,品川,139.738999,35.62876,4,11332,JR京浜東北線,80,175,224
1133227,1130103,品川,139.738999,35.62876,1133228,1133228,大井町,139.73485,35.606257,3,11332,JR京浜東北線,80,175,224
1133228,1133228,大井町,139.73485,35.606257,1133229,1133229,大森,139.728079,35.588903,3,11332,JR京浜東北線,80,175,224
1133229,1133229,大森,139.728079,35.588903,1133230,1133230,蒲田,139.716032,35.562517,4,11332,JR京浜東北線,80,175,224
1133302,1131903,赤羽,139.720928,35.778026,1133303,1130212,池袋,139.711086,35.730256,9,11333,JR湘南新宿ライン,209,55,50
1133303,1130212,池袋,139.711086,35.730256,1133304,1130208,新宿,139.700464,35.689729,6,11333,JR湘南新宿ライン,209,55,50
1133304,1130208,新宿,139.700464,35.689729,1133305,1130205,渋谷,139.701238,35.658871,5,11333,JR湘南新宿ライン,209,55,50
1133305,1130205,渋谷,139.701238,35.658871,1133306,1130204,恵比寿,139.71007,35.646685,2,11333,JR湘南新宿ライン,209,55,50
1133306,1130204,恵比寿,139.71007,35.646685,1133307,1130201,大崎,139.728439,35.619772,6,11333,JR湘南新宿ライン,209,55,50
1133307,1130201,大崎,139.728439,35.619772,1133308,1130804,西大井,139.721729,35.601616,3,11333,JR湘南新宿ライン,209,55,50
1134301,1130101,東京,139.766103,35.681391,1134302,1130220,上野,139.777043,35.71379,5,11343,上野東京ライン,134,48,139
2100101,1130212,池袋,139.710678,35.730924,2100102,2100102,北池袋,139.716749,35.741283,1,21001,東武東上線,24,63,147
2100102,2100102,北池袋,139.716749,35.741283,2100103,2100103,下板橋,139.714785,35.745721,1,21001,東武東上線,24,63,147
2100103,2100103,下板橋,139.714785,35.745721,2100104,2100104,大山,139.702589,35.748398,2,21001,東武東上線,24,63,147
2100104,2100104,大山,139.702589,35.748398,2100105,2100105,中板橋,139.694628,35.756214,2,21001,東武東上線,24,63,147
2100105,2100105,中板橋,139.694628,35.756214,2100106,2100106,ときわ台,139.689015,35.758771,1,21001,東武東上線,24,63,147
2100106,2100106,ときわ台,139.689015,35.758771,2100107,2100107,上板橋,139.67641,35.763596,2,21001,東武東上線,24,63,147
2100107,2100107,上板橋,139.67641,35.763596,2100108,2100108,東武練馬,139.661964,35.768698,2,21001,東武東上線,24,63,147
2100108,2100108,東武練馬,139.661964,35.768698,2100109,2100109,下赤塚,139.644482,35.770558,2,21001,東武東上線,24,63,147
2100109,2100109,下赤塚,139.644482,35.770558,2100110,2100110,成増,139.632708,35.777723,1,21001,東武東上線,24,63,147
2100201,2100201,浅草,139.798214,35.711883,2100202,2100202,とうきょうスカイツリー,139.809332,35.71043,3,21002,東武伊勢崎線,43,101,186
2100202,2100202,とうきょうスカイツリー,139.809332,35.71043,2100203,2100203,押上〈スカイツリー前〉,139.812935,35.710702,2,21002,東武伊勢崎線,43,101,186
2100203,2100203,押上〈スカイツリー前〉,139.812935,35.710702,2100204,2100204,曳舟,139.816634,35.718418,8,21002,東武伊勢崎線,43,101,186
2100204,2100204,曳舟,139.816634,35.718418,2100205,2100205,東向島,139.819306,35.724324,1,21002,東武伊勢崎線,43,101,186
2100205,2100205,東向島,139.819306,35.724324,2100206,2100206,鐘ヶ淵,139.820344,35.733712,2,21002,東武伊勢崎線,43,101,186
2100206,2100206,鐘ヶ淵,139.820344,35.733712,2100207,2100207,堀切,139.817727,35.742977,2,21002,東武伊勢崎線,43,101,186
2100207,2100207,堀切,139.817727,35.742977,2100208,2100208,牛田,139.811816,35.744555,2,21002,東武伊勢崎線,43,101,186
2100208,2100208,牛田,139.811816,35.744555,2100209,1132005,北千住,139.805564,35.749891,2,21002,東武伊勢崎線,43,101,186
2100209,1132005,北千住,139.805564,35.749891,2100210,2100210,小菅,139.812935,35.759039,2,21002,東武伊勢崎線,43,101,186
2100210,2100210,小菅,139.812935,35.759039,2100211,2100211,五反野,139.809643,35.765852,2,21002,東武伊勢崎線,43,101,186
2100211,2100211,五反野,139.809643,35.765852,2100212,2100212,梅島,139.797916,35.772437,2,21002,東武伊勢崎線,43,101,186
2100212,2100212,梅島,139.797916,35.772437,2100213,2100213,西新井,139.790372,35.777323,1,21002,東武伊勢崎線,43,101,186
2100213,2100213,西新井,139.790372,35.777323,2100214,2100214,竹ノ塚,139.790788,35.794368,3,21002,東武伊勢崎線,43,101,186
2100501,2100204,曳舟,139.816634,35.718418,2100502,2100502,小村井,139.827595,35.710316,2,21005,東武亀戸線,43,101,186
2100502,2100502,小村井,139.827595,35.710316,2100503,2100503,東あずま,139.831883,35.707067,1,21005,東武亀戸線,43,101,186
2100503,2100503,東あずま,139.831883,35.707067,2100504,2100504,亀戸水神,139.833422,35.699976,2,21005,東武亀戸線,43,101,186
2100504,2100504,亀戸水神,139.833422,35.699976,2100505,1131323,亀戸,139.826791,35.697708,2,21005,東武亀戸線,43,101,186
2100601,2100213,西新井,139.790372,35.777323,2100602,2100602,大師前,139.781647,35.778989,2,21006,東武大師線,43,101,186
2200101,1130212,池袋,139.711461,35.72913,2200102,2200102,椎名町,139.694363,35.726572,3,22001,西武池袋線,237,112,45
2200102,2200102,椎名町,139.694363,35.726572,2200103,2200103,東長崎,139.683294,35.73003,1,22001,西武池袋線,237,112,45
2200103,2200103,東長崎,139.683294,35.73003,2200104,2200104,江古田,139.672814,35.737557,1,22001,西武池袋線,237,112,45
2200104,2200104,江古田,139.672814,35.737557,2200105,2200105,桜台,139.662602,35.738797,1,22001,西武池袋線,237,112,45
2200105,2200105,桜台,139.662602,35.738797,2200106,2200106,練馬,139.654368,35.737893,1,22001,西武池袋線,237,112,45
2200106,2200106,練馬,139.654368,35.737893,2200107,2200107,中村橋,139.637456,35.736767,2,22001,西武池袋線,237,112,45
2200107,2200107,中村橋,139.637456,35.736767,2200108,2200108,富士見台,139.62969,35.735867,1,22001,西武池袋線,237,112,45
2200108,2200108,富士見台,139.62969,35.735867,2200109,2200109,練馬高野台,139.616749,35.740622,2,22001,西武池袋線,237,112,45
2200109,2200109,練馬高野台,139.616749,35.740622,2200110,2200110,石神井公園,139.606981,35.743563,2,22001,西武池袋線,237,112,45
2200110,2200110,石神井公園,139.606981,35.743563,2200111,2200111,大泉学園,139.586732,35.749406,2,22001,西武池袋線,237,112,45
2200111,2200111,大泉学園,139.586732,35.749406,2200112,2200112,保谷,139.567753,35.748222,2,22001,西武池袋線,237,112,45
2200112,2200112,保谷,139.567753,35.748222,2200113,2200113,ひばりヶ丘,139.545852,35.751485,2,22001,西武池袋線,237,112,45
2200113,2200113,ひばりヶ丘,139.545852,35.751485,2200114,2200114,東久留米,139.533739,35.760445,2,22001,西武池袋線,237,112,45
2200114,2200114,東久留米,139.533739,35.760445,2200115,2200115,清瀬,139.519917,35.772221,2,22001,西武池袋線,237,112,45
2200115,2200115,清瀬,139.519917,35.772221,2200116,2200116,秋津,139.496539,35.778614,2,22001,西武池袋線,237,112,45
2200301,2200301,小竹向原,139.678572,35.743803,2200302,2200302,新桜台,139.6683,35.74077,2,22003,西武有楽町線,237,112,45
2200302,2200302,新桜台,139.6683,35.74077,2200303,2200106,練馬,139.654368,35.737893,2,22003,西武有楽町線,237,112,45
2200401,2200106,練馬,139.654368,35.737893,2200402,2200402,豊島園,139.647979,35.742054,3,22004,西武豊島線,237,112,45
2200701,2200701,西武新宿,139.7,35.696254,2200702,1130210,高田馬場,139.703715,35.712677,3,22007,西武新宿線,67,151,199
2200702,1130210,高田馬場,139.703715,35.712677,2200703,2200703,下落合,139.695391,35.715846,2,22007,西武新宿線,67,151,199
2200703,2200703,下落合,139.695391,35.715846,2200704,2200704,中井,139.686967,35.715106,1,22007,西武新宿線,67,151,199
2200704,2200704,中井,139.686967,35.715106,2200705,2200705,新井薬師前,139.672582,35.715778,2,22007,西武新宿線,67,151,199
2200705,2200705,新井薬師前,139.672582,35.715778,2200706,2200706,沼袋,139.663841,35.719458,2,22007,西武新宿線,67,151,199
2200706,2200706,沼袋,139.663841,35.719458,2200707,2200707,野方,139.652733,35.719658,2,22007,西武新宿線,67,151,199
2200707,2200707,野方,139.652733,35.719658,2200708,2200708,都立家政,139.644839,35.722313,1,22007,西武新宿線,67,151,199
2200708,2200708,都立家政,139.644839,35.722313,2200709,2200709,鷺ノ宮,139.63892,35.722605,2,22007,西武新宿線,67,151,199
2200709,2200709,鷺ノ宮,139.63892,35.722605,2200710,2200710,下井草,139.624688,35.723852,1,22007,西武新宿線,67,151,199
2200710,2200710,下井草,139.624688,35.723852,2200711,2200711,井荻,139.615303,35.72469,1,22007,西武新宿線,67,151,199
2200711,2200711,井荻,139.615303,35.72469,2200712,2200712,上井草,139.602937,35.725326,2,22007,西武新宿線,67,151,199
2200712,2200712,上井草,139.602937,35.725326,2200713,2200713,上石神井,139.592266,35.726189,1,22007,西武新宿線,67,151,199
2200713,2200713,上石神井,139.592266,35.726189,2200714,2200714,武蔵関,139.576417,35.7276,1,22007,西武新宿線,67,151,199
2200714,2200714,武蔵関,139.576417,35.7276,2200715,2200715,東伏見,139.563529,35.728761,1,22007,西武新宿線,67,151,199
2200715,2200715,東伏見,139.563529,35.728761,2200716,2200716,西武柳沢,139.552477,35.728621,2,22007,西武新宿線,67,151,199
2200716,2200716,西武柳沢,139.552477,35.728621,2200717,2200717,田無,139.539259,35.727307,2,22007,西武新宿線,67,151,199
2200717,2200717,田無,139.539259,35.727307,2200718,2200718,花小金井,139.513228,35.726129,3,22007,西武新宿線,67,151,199
2200718,2200718,花小金井,139.513228,35.726129,2200719,2200719,小平,139.488491,35.736963,3,22007,西武新宿線,67,151,199
2200719,2200719,小平,139.488491,35.736963,2200720,2200720,久米川,139.472653,35.749575,2,22007,西武新宿線,67,151,199
2200720,2200720,久米川,139.472653,35.749575,2200721,2200721,東村山,139.465839,35.76006,2,22007,西武新宿線,67,151,199
2200801,2200719,小平,139.488491,35.736963,2200802,2200802,萩山,139.476903,35.740759,2,22008,西武拝島線,67,151,199
2200802,2200802,萩山,139.476903,35.740759,2200803,2200803,小川,139.463493,35.737573,2,22008,西武拝島線,67,151,199
2200803,2200803,小川,139.463493,35.737573,2200804,2200804,東大和市,139.434249,35.732829,3,22008,西武拝島線,67,151,199
2200804,2200804,東大和市,139.434249,35.732829,2200805,2200805,玉川上水,139.418435,35.731751,2,22008,西武拝島線,67,151,199
2200805,2200805,玉川上水,139.418435,35.731751,2200806,2200806,武蔵砂川,139.392319,35.728876,3,22008,西武拝島線,67,151,199
2200806,2200806,武蔵砂川,139.392319,35.728876,2200807,2200807,西武立川,139.370124,35.7262,2,22008,西武拝島線,67,151,199
2200807,2200807,西武立川,139.370124,35.7262,2200808,1131506,拝島,139.343468,35.721278,4,22008,西武拝島線,67,151,199
2200901,2200721,東村山,139.465839,35.76006,2200902,2200902,西武園,139.448904,35.767684,3,22009,西武西武園線,103,201,113
2201001,1131106,国分寺,139.480841,35.700123,2201002,2201002,恋ヶ窪,139.463944,35.711385,3,22010,西武国分寺線,103,201,113
2201002,2201002,恋ヶ窪,139.463944,35.711385,2201003,2201003,鷹の台,139.461155,35.723097,2,22010,西武国分寺線,103,201,113
2201003,2201003,鷹の台,139.461155,35.723097,2201004,2200803,小川,139.463493,35.737573,2,22010,西武国分寺線,103,201,113
2201004,2200803,小川,139.463493,35.737573,2201005,2200721,東村山,139.465839,35.76006,3,22010,西武国分寺線,103,201,113
2201101,1131106,国分寺,139.479547,35.700836,2201102,2201102,一橋学園,139.480039,35.72217,3,22011,西武多摩湖線,248,206,85
2201102,2201102,一橋学園,139.480039,35.72217,2201103,2201103,青梅街道,139.476628,35.73098,1,22011,西武多摩湖線,248,206,85
2201103,2201103,青梅街道,139.476628,35.73098,2201105,2200802,萩山,139.476903,35.740759,2,22011,西武多摩湖線,248,206,85
2201105,2200802,萩山,139.476903,35.740759,2201106,2201106,八坂,139.467676,35.744925,1,22011,西武多摩湖線,248,206,85
2201106,2201106,八坂,139.467676,35.744925,2201107,2201107,武蔵大和,139.444008,35.756427,3,22011,西武多摩湖線,248,206,85
2201107,2201107,武蔵大和,139.444008,35.756427,2201108,2200601,多摩湖,139.442747,35.765881,2,22011,西武多摩湖線,248,206,85
2201201,1131221,武蔵境,139.543402,35.702083,2201202,2201202,新小金井,139.526603,35.695908,2,22012,西武多摩川線,237,112,45
2201202,2201202,新小金井,139.526603,35.695908,2201203,2201203,多磨,139.51713,35.676821,3,22012,西武多摩川線,237,112,45
2201203,2201203,多磨,139.51713,35.676821,2201204,2201204,白糸台,139.509862,35.666517,2,22012,西武多摩川線,237,112,45
2201204,2201204,白糸台,139.509862,35.666517,2201205,2201205,競艇場前,139.499721,35.656232,2,22012,西武多摩川線,237,112,45
2201205,2201205,競艇場前,139.499721,35.656232,2201206,2201206,是政,139.488592,35.656242,2,22012,西武多摩川線,237,112,45
2300101,2300101,京成上野,139.773571,35.711232,2300102,1130218,日暮里,139.771287,35.727908,5,23001,京成本線,38,89,164
2300102,1130218,日暮里,139.771287,35.727908,2300103,2300103,新三河島,139.773834,35.73714,2,23001,京成本線,38,89,164
2300103,2300103,新三河島,139.773834,35.73714,2300104,2300104,町屋,139.781499,35.742354,6,23001,京成本線,38,89,164
2300104,2300104,町屋,139.781499,35.742354,2300105,2300105,千住大橋,139.796934,35.74243,6,23001,京成本線,38,89,164
2300105,2300105,千住大橋,139.796934,35.74243,2300106,2100208,京成関屋,139.81183,35.744008,2,23001,京成本線,38,89,164
2300106,2100208,京成関屋,139.81183,35.744008,2300107,2300107,堀切菖蒲園,139.827545,35.747649,2,23001,京成本線,38,89,164
2300107,2300107,堀切菖蒲園,139.827545,35.747649,2300108,2300108,お花茶屋,139.83988,35.747585,1,23001,京成本線,38,89,164
2300108,2300108,お花茶屋,139.83988,35.747585,2300109,2300109,青砥,139.856292,35.745883,3,23001,京成本線,38,89,164
2300109,2300109,青砥,139.856292,35.745883,2300110,2300110,京成高砂,139.866875,35.750932,2,23001,京成本線,38,89,164
2300110,2300110,京成高砂,139.866875,35.750932,2300111,2300111,京成小岩,139.88371,35.742158,2,23001,京成本線,38,89,164
2300111,2300111,京成小岩,139.88371,35.742158,2300112,2300112,江戸川,139.896226,35.737723,1,23001,京成本線,38,89,164
2300201,2100203,押上（スカイツリー前）,139.812935,35.710702,2300202,2300202,京成曳舟,139.820012,35.718441,11,23002,京成押上線,38,89,164
2300202,2300202,京成曳舟,139.820012,35.718441,2300203,2300203,八広,139.828738,35.727687,2,23002,京成押上線,38,89,164
2300203,2300203,八広,139.828738,35.727687,2300204,2300204,四ツ木,139.834918,35.731962,1,23002,京成押上線,38,89,164
2300204,2300204,四ツ木,139.834918,35.731962,2300205,2300205,京成立石,139.848558,35.738281,2,23002,京成押上線,38,89,164
2300205,2300205,京成立石,139.848558,35.738281,2300206,2300109,青砥,139.856292,35.745883,2,23002,京成押上線,38,89,164
2300206,2300109,青砥,139.856292,35.745883,2300207,2300110,京成高砂,139.866875,35.750932,2,23002,京成押上線,38,89,164
2300301,2300110,京成高砂,139.866875,35.750932,2300302,2300302,柴又,139.875188,35.756323,3,23003,京成金町線,38,89,164
2300302,2300302,柴又,139.875188,35.756323,2300303,1132008,京成金町,139.870387,35.768471,2,23003,京成金町線,38,89,164
2300601,2300101,京成上野,139.773571,35.711232,2300602,1130218,日暮里,139.771287,35.727908,5,23006,京成成田空港線,239,140,62
2300602,1130218,日暮里,139.771287,35.727908,2300603,2300109,青砥,139.856292,35.745883,17,23006,京成成田空港線,239,140,62
2300603,2300109,青砥,139.856292,35.745883,2300604,2300110,京成高砂,139.866875,35.750932,2,23006,京成成田空港線,239,140,62
2400101,1130208,新宿,139.699187,35.690163,2400104,2400104,笹塚,139.667251,35.673758,5,24001,京王線,203,43,118
2400104,2400104,笹塚,139.667251,35.673758,2400105,2400105,代田橋,139.659413,35.671092,1,24001,京王線,203,43,118
2400105,2400105,代田橋,139.659413,35.671092,2400106,2400106,明大前,139.650352,35.668758,1,24001,京王線,203,43,118
2400106,2400106,明大前,139.650352,35.668758,2400107,2400107,下高井戸,139.641372,35.66615,2,24001,京王線,203,43,118
2400107,2400107,下高井戸,139.641372,35.66615,2400108,2400108,桜上水,139.63129,35.66768,1,24001,京王線,203,43,118
2400108,2400108,桜上水,139.63129,35.66768,2400109,2400109,上北沢,139.62329,35.668857,1,24001,京王線,203,43,118
2400109,2400109,上北沢,139.62329,35.668857,2400110,2400110,八幡山,139.614927,35.669982,2,24001,京王線,203,43,118
2400110,2400110,八幡山,139.614927,35.669982,2400111,2400111,芦花公園,139.608247,35.670479,1,24001,京王線,203,43,118
2400111,2400111,芦花公園,139.608247,35.670479,2400112,2400112,千歳烏山,139.60067,35.667921,1,24001,京王線,203,43,118
2400112,2400112,千歳烏山,139.60067,35.667921,2400113,2400113,仙川,139.584908,35.662257,1,24001,京王線,203,43,118
2400113,2400113,仙川,139.584908,35.662257,2400114,2400114,つつじヶ丘,139.575103,35.657936,2,24001,京王線,203,43,118
2400114,2400114,つつじヶ丘,139.575103,35.657936,2400115,2400115,柴崎,139.56658,35.653997,2,24001,京王線,203,43,118
2400115,2400115,柴崎,139.56658,35.653997,2400116,2400116,国領,139.558036,35.650087,1,24001,京王線,203,43,118
2400116,2400116,国領,139.558036,35.650087,2400117,2400117,布田,139.551557,35.649904,1,24001,京王線,203,43,118
2400117,2400117,布田,139.551557,35.649904,2400118,2400118,調布,139.543988,35.652181,2,24001,京王線,203,43,118
2400118,2400118,調布,139.543988,35.652181,2400119,2400119,西調布,139.529822,35.657169,1,24001,京王線,203,43,118
2400119,2400119,西調布,139.529822,35.657169,2400120,2400120,飛田給,139.523666,35.660121,1,24001,京王線,203,43,118
2400120,2400120,飛田給,139.523666,35.660121,2400121,2400121,武蔵野台,139.511289,35.664159,2,24001,京王線,203,43,118
2400121,2400121,武蔵野台,139.511289,35.664159,2400122,2400122,多磨霊園,139.502615,35.666197,1,24001,京王線,203,43,118
2400122,2400122,多磨霊園,139.502615,35.666197,2400123,2400123,東府中,139.495257,35.668766,2,24001,京王線,203,43,118
2400123,2400123,東府中,139.495257,35.668766,2400124,2400124,府中,139.4799,35.672245,2,24001,京王線,203,43,118
2400124,2400124,府中,139.4799,35.672245,2400125,1130321,分倍河原,139.468798,35.668493,1,24001,京王線,203,43,118
2400125,1130321,分倍河原,139.468798,35.668493,2400126,2400126,中河原,139.457602,35.659549,2,24001,京王線,203,43,118
2400126,2400126,中河原,139.457602,35.659549,2400127,2400127,聖蹟桜ヶ丘,139.446979,35.650814,2,24001,京王線,203,43,118
2400127,2400127,聖蹟桜ヶ丘,139.446979,35.650814,2400128,2400128,百草園,139.431285,35.657362,2,24001,京王線,203,43,118
2400128,2400128,百草園,139.431285,35.657362,2400129,2400129,高幡不動,139.412953,35.662361,2,24001,京王線,203,43,118
2400129,2400129,高幡不動,139.412953,35.662361,2400130,2400130,南平,139.392008,35.654559,2,24001,京王線,203,43,118
2400130,2400130,南平,139.392008,35.654559,2400131,2400131,平山城址公園,139.379926,35.647371,2,24001,京王線,203,43,118
2400131,2400131,平山城址公園,139.379926,35.647371,2400132,2400132,長沼,139.365849,35.642788,2,24001,京王線,203,43,118
2400132,2400132,長沼,139.365849,35.642788,2400133,2400133,北野,139.354489,35.644479,2,24001,京王線,203,43,118
2400133,2400133,北野,139.354489,35.644479,2400134,2400134,京王八王子,139.343851,35.657416,2,24001,京王線,203,43,118
2400201,2400118,調布,139.543988,35.652181,2400202,2400202,京王多摩川,139.536606,35.644499,2,24002,京王相模原線,203,43,118
2400204,2400204,京王よみうりランド,139.517597,35.632934,2400205,2400205,稲城,139.500398,35.636166,2,24002,京王相模原線,203,43,118
2400207,2400207,京王永山,139.448204,35.630102,2400208,2400208,京王多摩センター,139.42402,35.62518,2,24002,京王相模原線,203,43,118
2400208,2400208,京王多摩センター,139.42402,35.62518,2400209,2400209,京王堀之内,139.400314,35.624438,2,24002,京王相模原線,203,43,118
2400209,2400209,京王堀之内,139.400314,35.624438,2400210,2400210,南大沢,139.3798,35.6141,2,24002,京王相模原線,203,43,118
2400210,2400210,南大沢,139.3798,35.6141,2400211,2400211,多摩境,139.366987,35.601826,2,24002,京王相模原線,203,43,118
2400301,2400133,北野,139.354489,35.644479,2400302,2400302,京王片倉,139.337035,35.644343,2,24003,京王高尾線,203,43,118
2400302,2400302,京王片倉,139.337035,35.644343,2400303,2400303,山田,139.321082,35.644411,4,24003,京王高尾線,203,43,118
2400303,2400303,山田,139.321082,35.644411,2400304,2400304,めじろ台,139.308446,35.643601,16,24003,京王高尾線,203,43,118
2400304,2400304,めじろ台,139.308446,35.643601,2400305,2400305,狭間,139.293808,35.640637,2,24003,京王高尾線,203,43,118
2400305,2400305,狭間,139.293808,35.640637,2400306,1131112,高尾,139.281551,35.641645,2,24003,京王高尾線,203,43,118
2400306,1131112,高尾,139.281551,35.641645,2400307,2400307,高尾山口,139.269856,35.632377,2,24003,京王高尾線,203,43,118
2400401,2400123,東府中,139.495257,35.668766,2400402,2400402,府中競馬正門前,139.485019,35.668288,2,24004,京王競馬場線,203,43,118
2400501,2400129,高幡不動,139.412953,35.662361,2400502,2400502,多摩動物公園,139.404627,35.649215,4,24005,京王動物園線,203,43,118
2400601,1130205,渋谷,139.700872,35.6587,2400602,2400602,神泉,139.693579,35.657244,1,24006,京王井の頭線,1,0,130
2400602,2400602,神泉,139.693579,35.657244,2400603,2400603,駒場東大前,139.684308,35.65868,1,24006,京王井の頭線,1,0,130
2400603,2400603,駒場東大前,139.684308,35.65868,2400604,2400604,池ノ上,139.67344,35.660402,1,24006,京王井の頭線,1,0,130
2400604,2400604,池ノ上,139.67344,35.660402,2400605,2400605,下北沢,139.66691,35.661539,2,24006,京王井の頭線,1,0,130
2400605,2400605,下北沢,139.66691,35.661539,2400606,2400606,新代田,139.660524,35.662593,1,24006,京王井の頭線,1,0,130
2400606,2400606,新代田,139.660524,35.662593,2400607,2400607,東松原,139.655535,35.662634,1,24006,京王井の頭線,1,0,130
2400607,2400607,東松原,139.655535,35.662634,2400608,2400106,明大前,139.650352,35.668758,1,24006,京王井の頭線,1,0,130
2400608,2400106,明大前,139.650352,35.668758,2400609,2400609,永福町,139.642733,35.67629,2,24006,京王井の頭線,1,0,130
2400609,2400609,永福町,139.642733,35.67629,2400610,2400610,西永福,139.634936,35.678918,1,24006,京王井の頭線,1,0,130
2400610,2400610,西永福,139.634936,35.678918,2400611,2400611,浜田山,139.627528,35.681603,1,24006,京王井の頭線,1,0,130
2400611,2400611,浜田山,139.627528,35.681603,2400612,2400612,高井戸,139.615115,35.683253,1,24006,京王井の頭線,1,0,130
2400612,2400612,高井戸,139.615115,35.683253,2400613,2400613,富士見ヶ丘,139.607072,35.684805,2,24006,京王井の頭線,1,0,130
2400613,2400613,富士見ヶ丘,139.607072,35.684805,2400614,2400614,久我山,139.599211,35.688138,1,24006,京王井の頭線,1,0,130
2400614,2400614,久我山,139.599211,35.688138,2400615,2400615,三鷹台,139.589298,35.692046,1,24006,京王井の頭線,1,0,130
2400615,2400615,三鷹台,139.589298,35.692046,2400616,2400616,井の頭公園,139.583112,35.697304,2,24006,京王井の頭線,1,0,130
2400616,2400616,井の頭公園,139.583112,35.697304,2400617,1131104,吉祥寺,139.580306,35.702291,3,24006,京王井の頭線,1,0,130
2400701,1130208,新線新宿,139.698812,35.68869,2400702,2400102,初台,139.686354,35.68123,9,24007,京王新線,203,43,118
2400702,2400102,初台,139.686354,35.68123,2400703,2400103,幡ヶ谷,139.676183,35.677061,1,24007,京王新線,203,43,118
2400703,2400103,幡ヶ谷,139.676183,35.677061,2400704,2400104,笹塚,139.667251,35.673758,2,24007,京王新線,203,43,118
2500101,1130208,新宿,139.699574,35.691435,2500102,2500102,南新宿,139.69867,35.683483,1,25001,小田急小田原線,67,134,198
2500102,2500102,南新宿,139.69867,35.683483,2500103,2500103,参宮橋,139.693568,35.678586,1,25001,小田急小田原線,67,134,198
2500103,2500103,参宮橋,139.693568,35.678586,2500104,2500104,代々木八幡,139.688913,35.669715,2,25001,小田急小田原線,67,134,198
2500104,2500104,代々木八幡,139.688913,35.669715,2500105,2500105,代々木上原,139.680153,35.669159,2,25001,小田急小田原線,67,134,198
2500105,2500105,代々木上原,139.680153,35.669159,2500106,2500106,東北沢,139.673014,35.665379,1,25001,小田急小田原線,67,134,198
2500106,2500106,東北沢,139.673014,35.665379,2500107,2400605,下北沢,139.667516,35.661655,1,25001,小田急小田原線,67,134,198
2500107,2400605,下北沢,139.667516,35.661655,2500108,2500108,世田谷代田,139.661557,35.65834,1,25001,小田急小田原線,67,134,198
2500108,2500108,世田谷代田,139.661557,35.65834,2500109,2500109,梅ヶ丘,139.653628,35.656024,1,25001,小田急小田原線,67,134,198
2500109,2500109,梅ヶ丘,139.653628,35.656024,2500110,2500110,豪徳寺,139.647381,35.653807,1,25001,小田急小田原線,67,134,198
2500110,2500110,豪徳寺,139.647381,35.653807,2500111,2500111,経堂,139.635993,35.650991,2,25001,小田急小田原線,67,134,198
2500111,2500111,経堂,139.635993,35.650991,2500112,2500112,千歳船橋,139.624544,35.647616,2,25001,小田急小田原線,67,134,198
2500112,2500112,千歳船橋,139.624544,35.647616,2500113,2500113,祖師ヶ谷大蔵,139.609659,35.643236,1,25001,小田急小田原線,67,134,198
2500113,2500113,祖師ヶ谷大蔵,139.609659,35.643236,2500114,2500114,成城学園前,139.598958,35.640114,1,25001,小田急小田原線,67,134,198
2500114,2500114,成城学園前,139.598958,35.640114,2500115,2500115,喜多見,139.587445,35.636697,1,25001,小田急小田原線,67,134,198
2500115,2500115,喜多見,139.587445,35.636697,2500116,2500116,狛江,139.577127,35.632001,1,25001,小田急小田原線,67,134,198
2500116,2500116,狛江,139.577127,35.632001,2500117,2500117,和泉多摩川,139.573695,35.627349,1,25001,小田急小田原線,67,134,198
2500125,2500125,鶴川,139.481759,35.583077,2500126,2500126,玉川学園前,139.463388,35.563486,3,25001,小田急小田原線,67,134,198
2500126,2500126,玉川学園前,139.463388,35.563486,2500127,1130611,町田,139.445236,35.544222,3,25001,小田急小田原線,67,134,198
2500306,2400207,小田急永山,139.447943,35.629972,2500307,2400208,小田急多摩センター,139.424298,35.624902,2,25003,小田急多摩線,67,134,198
2500307,2400208,小田急多摩センター,139.424298,35.624902,2500308,2500308,唐木田,139.411622,35.616672,2,25003,小田急多摩線,67,134,198
2600101,1130205,渋谷,139.702417,35.659545,2600102,2600102,代官山,139.703284,35.648193,3,26001,東急東横線,200,43,70
2600102,2600102,代官山,139.703284,35.648193,2600103,2600103,中目黒,139.698621,35.643854,1,26001,東急東横線,200,43,70
2600103,2600103,中目黒,139.698621,35.643854,2600104,2600104,祐天寺,139.690758,35.637163,1,26001,東急東横線,200,43,70
2600104,2600104,祐天寺,139.690758,35.637163,2600105,2600105,学芸大学,139.68522,35.628786,1,26001,東急東横線,200,43,70
2600105,2600105,学芸大学,139.68522,35.628786,2600106,2600106,都立大学,139.676393,35.617835,2,26001,東急東横線,200,43,70
2600106,2600106,都立大学,139.676393,35.617835,2600107,2600107,自由が丘,139.668664,35.607224,2,26001,東急東横線,200,43,70
2600107,2600107,自由が丘,139.668664,35.607224,2600108,2600108,田園調布,139.667356,35.596815,2,26001,東急東横線,200,43,70
2600108,2600108,田園調布,139.667356,35.596815,2600109,2600109,多摩川,139.668723,35.589591,2,26001,東急東横線,200,43,70
2600201,1130203,目黒,139.7155,35.633272,2600202,2600202,不動前,139.71469,35.626526,2,26002,東急目黒線,69,154,205
2600202,2600202,不動前,139.71469,35.626526,2600203,2600203,武蔵小山,139.704524,35.620538,2,26002,東急目黒線,69,154,205
2600203,2600203,武蔵小山,139.704524,35.620538,2600204,2600204,西小山,139.698694,35.615455,1,26002,東急目黒線,69,154,205
2600204,2600204,西小山,139.698694,35.615455,2600205,2600205,洗足,139.694367,35.61043,1,26002,東急目黒線,69,154,205
2600205,2600205,洗足,139.694367,35.61043,2600206,2600206,大岡山,139.685909,35.607456,2,26002,東急目黒線,69,154,205
2600206,2600206,大岡山,139.685909,35.607456,2600207,2600207,奥沢,139.672355,35.603947,2,26002,東急目黒線,69,154,205
2600207,2600207,奥沢,139.672355,35.603947,2600208,2600108,田園調布,139.667356,35.596815,2,26002,東急目黒線,69,154,205
2600208,2600108,田園調布,139.667356,35.596815,2600209,2600109,多摩川,139.668723,35.589591,2,26002,東急目黒線,69,154,205
2600301,1130205,渋谷,139.702148,35.65802,2600302,2600302,池尻大橋,139.684319,35.650603,3,26003,東急田園都市線,79,160,137
2600302,2600302,池尻大橋,139.684319,35.650603,2600303,2600303,三軒茶屋,139.670156,35.643716,2,26003,東急田園都市線,79,160,137
2600303,2600303,三軒茶屋,139.670156,35.643716,2600304,2600304,駒沢大学,139.661702,35.633471,2,26003,東急田園都市線,79,160,137
2600304,2600304,駒沢大学,139.661702,35.633471,2600305,2600305,桜新町,139.644779,35.631666,3,26003,東急田園都市線,79,160,137
2600305,2600305,桜新町,139.644779,35.631666,2600306,2600306,用賀,139.633928,35.626436,2,26003,東急田園都市線,79,160,137
2600306,2600306,用賀,139.633928,35.626436,2600307,2600307,二子玉川,139.626685,35.611788,3,26003,東急田園都市線,79,160,137
2600323,2600323,つくし野,139.485139,35.527559,2600324,2600324,すずかけ台,139.481684,35.517094,2,26003,東急田園都市線,79,160,137
2600324,2600324,すずかけ台,139.481684,35.517094,2600325,2600325,南町田グランベリーパーク,139.470318,35.511502,1,26003,東急田園都市線,79,160,137
2600401,1133228,大井町,139.735025,35.607535,2600402,2600402,下神明,139.726256,35.608704,1,26004,東急大井町線,227,145,82
2600402,2600402,下神明,139.726256,35.608704,2600403,2600403,戸越公園,139.718159,35.608856,1,26004,東急大井町線,227,145,82
2600403,2600403,戸越公園,139.718159,35.608856,2600404,2600404,中延,139.712526,35.60571,1,26004,東急大井町線,227,145,82
2600404,2600404,中延,139.712526,35.60571,2600405,2600405,荏原町,139.707571,35.60382,1,26004,東急大井町線,227,145,82
2600405,2600405,荏原町,139.707571,35.60382,2600406,2600406,旗の台,139.702286,35.604923,1,26004,東急大井町線,227,145,82
2600406,2600406,旗の台,139.702286,35.604923,2600407,2600407,北千束,139.693303,35.606311,2,26004,東急大井町線,227,145,82
2600407,2600407,北千束,139.693303,35.606311,2600408,2600206,大岡山,139.685909,35.607456,1,26004,東急大井町線,227,145,82
2600408,2600206,大岡山,139.685909,35.607456,2600409,2600409,緑が丘,139.679482,35.60638,1,26004,東急大井町線,227,145,82
2600409,2600409,緑が丘,139.679482,35.60638,2600410,2600107,自由が丘,139.668664,35.607224,2,26004,東急大井町線,227,145,82
2600410,2600107,自由が丘,139.668664,35.607224,2600411,2600411,九品仏,139.660992,35.60538,1,26004,東急大井町線,227,145,82
2600411,2600411,九品仏,139.660992,35.60538,2600412,2600412,尾山台,139.653862,35.606971,2,26004,東急大井町線,227,145,82
2600412,2600412,尾山台,139.653862,35.606971,2600413,2600413,等々力,139.647938,35.608369,1,26004,東急大井町線,227,145,82
2600413,2600413,等々力,139.647938,35.608369,2600414,2600414,上野毛,139.638917,35.611957,2,26004,東急大井町線,227,145,82
2600414,2600414,上野毛,139.638917,35.611957,2600415,2600307,二子玉川,139.626685,35.611788,2,26004,東急大井町線,227,145,82
2600501,1130202,五反田,139.724175,35.625262,2600502,2600502,大崎広小路,139.722339,35.622244,1,26005,東急池上線,224,139,166
2600502,2600502,大崎広小路,139.722339,35.622244,2600503,2600503,戸越銀座,139.714862,35.615928,2,26005,東急池上線,224,139,166
2600503,2600503,戸越銀座,139.714862,35.615928,2600504,2600504,荏原中延,139.712196,35.610056,2,26005,東急池上線,224,139,166
2600504,2600504,荏原中延,139.712196,35.610056,2600505,2600406,旗の台,139.702286,35.604923,1,26005,東急池上線,224,139,166
2600505,2600406,旗の台,139.702286,35.604923,2600506,2600506,長原,139.697881,35.60219,2,26005,東急池上線,224,139,166
2600506,2600506,長原,139.697881,35.60219,2600507,2600507,洗足池,139.690896,35.599648,1,26005,東急池上線,224,139,166
2600507,2600507,洗足池,139.690896,35.599648,2600508,2600508,石川台,139.685063,35.596888,1,26005,東急池上線,224,139,166
2600508,2600508,石川台,139.685063,35.596888,2600509,2600509,雪が谷大塚,139.681083,35.592038,2,26005,東急池上線,224,139,166
2600509,2600509,雪が谷大塚,139.681083,35.592038,2600510,2600510,御嶽山,139.682473,35.585236,1,26005,東急池上線,224,139,166
2600510,2600510,御嶽山,139.682473,35.585236,2600511,2600511,久が原,139.685678,35.579499,2,26005,東急池上線,224,139,166
2600511,2600511,久が原,139.685678,35.579499,2600512,2600512,千鳥町,139.69142,35.572983,1,26005,東急池上線,224,139,166
2600512,2600512,千鳥町,139.69142,35.572983,2600513,2600513,池上,139.702822,35.572025,2,26005,東急池上線,224,139,166
2600513,2600513,池上,139.702822,35.572025,2600514,2600514,蓮沼,139.708544,35.564173,2,26005,東急池上線,224,139,166
2600514,2600514,蓮沼,139.708544,35.564173,2600515,1133230,蒲田,139.714626,35.561767,2,26005,東急池上線,224,139,166
2600601,2600109,多摩川,139.668723,35.589591,2600602,2600602,沼部,139.67326,35.582526,2,26006,東急多摩川線,159,33,117
2600602,2600602,沼部,139.67326,35.582526,2600603,2600603,鵜の木,139.680554,35.575452,1,26006,東急多摩川線,159,33,117
2600603,2600603,鵜の木,139.680554,35.575452,2600604,2600604,下丸子,139.685576,35.571397,2,26006,東急多摩川線,159,33,117
2600604,2600604,下丸子,139.685576,35.571397,2600605,2600605,武蔵新田,139.692506,35.567806,1,26006,東急多摩川線,159,33,117
2600605,2600605,武蔵新田,139.692506,35.567806,2600606,2600606,矢口渡,139.700389,35.562462,2,26006,東急多摩川線,159,33,117
2600606,2600606,矢口渡,139.700389,35.562462,2600607,1133230,蒲田,139.714626,35.561767,3,26006,東急多摩川線,159,33,117
2600701,2600303,三軒茶屋,139.670156,35.643716,2600702,2600702,西太子堂,139.666382,35.644545,1,26007,東急世田谷線,245,201,70
2600702,2600702,西太子堂,139.666382,35.644545,2600703,2600703,若林,139.659911,35.645933,2,26007,東急世田谷線,245,201,70
2600703,2600703,若林,139.659911,35.645933,2600704,2600704,松陰神社前,139.655211,35.643947,2,26007,東急世田谷線,245,201,70
2600704,2600704,松陰神社前,139.655211,35.643947,2600705,2600705,世田谷,139.650945,35.643564,1,26007,東急世田谷線,245,201,70
2600705,2600705,世田谷,139.650945,35.643564,2600706,2600706,上町,139.646276,35.643656,1,26007,東急世田谷線,245,201,70
2600706,2600706,上町,139.646276,35.643656,2600707,2600707,宮の坂,139.64494,35.647508,2,26007,東急世田谷線,245,201,70
2600707,2600707,宮の坂,139.64494,35.647508,2600708,2500110,山下,139.646509,35.653844,4,26007,東急世田谷線,245,201,70
2600708,2500110,山下,139.646509,35.653844,2600709,2600709,松原,139.642,35.660048,10,26007,東急世田谷線,245,201,70
2600709,2600709,松原,139.642,35.660048,2600710,2400107,下高井戸,139.641372,35.66615,3,26007,東急世田谷線,245,201,70
2700101,2700101,泉岳寺,139.74002,35.638692,2700102,1130103,品川,139.73809,35.628284,2,27001,京急本線,98,191,224
2700102,1130103,品川,139.73809,35.628284,2700103,2700103,北品川,139.739191,35.622458,2,27001,京急本線,98,191,224
2700103,2700103,北品川,139.739191,35.622458,2700104,2700104,新馬場,139.741366,35.61762,1,27001,京急本線,98,191,224
2700104,2700104,新馬場,139.741366,35.61762,2700105,2700105,青物横丁,139.742958,35.609351,1,27001,京急本線,98,191,224
2700105,2700105,青物横丁,139.742958,35.609351,2700106,2700106,鮫洲,139.742227,35.604977,1,27001,京急本線,98,191,224
2700106,2700106,鮫洲,139.742227,35.604977,2700107,2700107,立会川,139.738886,35.598489,2,27001,京急本線,98,191,224
2700107,2700107,立会川,139.738886,35.598489,2700108,2700108,大森海岸,139.73544,35.587576,1,27001,京急本線,98,191,224
2700108,2700108,大森海岸,139.73544,35.587576,2700109,2700109,平和島,139.73491,35.57868,1,27001,京急本線,98,191,224
2700109,2700109,平和島,139.73491,35.57868,2700110,2700110,大森町,139.732027,35.572431,1,27001,京急本線,98,191,224
2700110,2700110,大森町,139.732027,35.572431,2700111,2700111,梅屋敷,139.728266,35.566873,1,27001,京急本線,98,191,224
2700111,2700111,梅屋敷,139.728266,35.566873,2700112,2700112,京急蒲田,139.723681,35.560796,1,27001,京急本線,98,191,224
2700112,2700112,京急蒲田,139.723681,35.560796,2700113,2700113,雑色,139.715005,35.549725,1,27001,京急本線,98,191,224
2700113,2700113,雑色,139.715005,35.549725,2700114,2700114,六郷土手,139.7076,35.540577,2,27001,京急本線,98,191,224
2700201,2700112,京急蒲田,139.723681,35.560796,2700202,2700202,糀谷,139.72962,35.5545,1,27002,京急空港線,98,191,224
2700202,2700202,糀谷,139.72962,35.5545,2700203,2700203,大鳥居,139.739356,35.552531,1,27002,京急空港線,98,191,224
2700203,2700203,大鳥居,139.739356,35.552531,2700204,2700204,穴守稲荷,139.746669,35.550326,0,27002,京急空港線,98,191,224
2700204,2700204,穴守稲荷,139.746669,35.550326,2700205,2700205,天空橋,139.75423,35.548908,1,27002,京急空港線,98,191,224
2700205,2700205,天空橋,139.75423,35.548908,2700207,2700207,羽田空港第三ターミナル,139.768968,35.544676,2,27002,京急空港線,98,191,224
2700207,2700207,羽田空港第三ターミナル,139.768968,35.544676,2700206,2700206,羽田空港第一・第二ターミナル,139.785962,35.549809,14,27002,京急空港線,98,191,224
2800101,2100201,浅草,139.797592,35.710733,2800102,2800102,田原町,139.790897,35.709897,1,28001,東京メトロ銀座線,241,154,55
2800102,2800102,田原町,139.790897,35.709897,2800103,2800103,稲荷町,139.782593,35.711273,1,28001,東京メトロ銀座線,241,154,55
2800103,2800103,稲荷町,139.782593,35.711273,2800104,1130220,上野,139.777122,35.711482,2,28001,東京メトロ銀座線,241,154,55
2800104,1130220,上野,139.777122,35.711482,2800105,1130221,上野広小路,139.772877,35.70768,2,28001,東京メトロ銀座線,241,154,55
2800105,1130221,上野広小路,139.772877,35.70768,2800106,2800106,末広町,139.771713,35.702972,1,28001,東京メトロ銀座線,241,154,55
2800106,2800106,末広町,139.771713,35.702972,2800107,1130223,神田,139.770899,35.693587,1,28001,東京メトロ銀座線,241,154,55
2800107,1130223,神田,139.770899,35.693587,2800108,1131402,三越前,139.773594,35.687101,1,28001,東京メトロ銀座線,241,154,55
2800108,1131402,三越前,139.773594,35.687101,2800109,2800109,日本橋,139.773516,35.682078,2,28001,東京メトロ銀座線,241,154,55
2800109,2800109,日本橋,139.773516,35.682078,2800110,2800110,京橋,139.770126,35.676856,27,28001,東京メトロ銀座線,241,154,55
2800110,2800110,京橋,139.770126,35.676856,2800111,2800111,銀座,139.763965,35.671989,30,28001,東京メトロ銀座線,241,154,55
2800111,2800111,銀座,139.763965,35.671989,2800112,1130102,新橋,139.758432,35.667434,1,28001,東京メトロ銀座線,241,154,55
2800112,1130102,新橋,139.758432,35.667434,2800113,2800113,虎ノ門,139.749832,35.670236,1,28001,東京メトロ銀座線,241,154,55
2800113,2800113,虎ノ門,139.749832,35.670236,2800114,2800114,溜池山王,139.741419,35.673621,1,28001,東京メトロ銀座線,241,154,55
2800114,2800114,溜池山王,139.741419,35.673621,2800115,2800115,赤坂見附,139.737047,35.677021,2,28001,東京メトロ銀座線,241,154,55
2800115,2800115,赤坂見附,139.737047,35.677021,2800116,2800116,青山一丁目,139.724159,35.672765,2,28001,東京メトロ銀座線,241,154,55
2800116,2800116,青山一丁目,139.724159,35.672765,2800117,2800117,外苑前,139.717857,35.670527,1,28001,東京メトロ銀座線,241,154,55
2800117,2800117,外苑前,139.717857,35.670527,2800118,2800118,表参道,139.712314,35.665247,1,28001,東京メトロ銀座線,241,154,55
2800118,2800118,表参道,139.712314,35.665247,2800119,1130205,渋谷,139.701,35.659066,2,28001,東京メトロ銀座線,241,154,55
2800201,1130212,池袋,139.711086,35.730256,2800202,2800202,新大塚,139.729971,35.72569,3,28002,東京メトロ丸ノ内線,226,68,64
2800202,2800202,新大塚,139.729971,35.72569,2800203,2800203,茗荷谷,139.737184,35.716989,2,28002,東京メトロ丸ノ内線,226,68,64
2800203,2800203,茗荷谷,139.737184,35.716989,2800204,2800204,後楽園,139.751864,35.707898,2,28002,東京メトロ丸ノ内線,226,68,64
2800204,2800204,後楽園,139.751864,35.707898,2800205,2800205,本郷三丁目,139.759914,35.706671,1,28002,東京メトロ丸ノ内線,226,68,64
2800205,2800205,本郷三丁目,139.759914,35.706671,2800206,1131203,御茶ノ水,139.763952,35.700614,1,28002,東京メトロ丸ノ内線,226,68,64
2800206,1131203,御茶ノ水,139.763952,35.700614,2800207,1131203,淡路町,139.767575,35.695434,2,28002,東京メトロ丸ノ内線,226,68,64
2800207,1131203,淡路町,139.767575,35.695434,2800208,2800208,大手町,139.7662,35.686564,2,28002,東京メトロ丸ノ内線,226,68,64
2800208,2800208,大手町,139.7662,35.686564,2800209,1130101,東京,139.764708,35.681753,1,28002,東京メトロ丸ノ内線,226,68,64
2800209,1130101,東京,139.764708,35.681753,2800210,2800111,銀座,139.763965,35.671989,2,28002,東京メトロ丸ノ内線,226,68,64
2800210,2800111,銀座,139.763965,35.671989,2800211,2800211,霞ケ関,139.750899,35.673838,2,28002,東京メトロ丸ノ内線,226,68,64
2800211,2800211,霞ケ関,139.750899,35.673838,2800212,2800212,国会議事堂前,139.745219,35.67393,2,28002,東京メトロ丸ノ内線,226,68,64
2800212,2800212,国会議事堂前,139.745219,35.67393,2800213,2800115,赤坂見附,139.737047,35.677021,2,28002,東京メトロ丸ノ内線,226,68,64
2800213,2800115,赤坂見附,139.737047,35.677021,2800214,1131102,四ツ谷,139.729947,35.684586,2,28002,東京メトロ丸ノ内線,226,68,64
2800214,1131102,四ツ谷,139.729947,35.684586,2800215,2800215,四谷三丁目,139.720103,35.687958,2,28002,東京メトロ丸ノ内線,226,68,64
2800215,2800215,四谷三丁目,139.720103,35.687958,2800216,2800216,新宿御苑前,139.71069,35.688588,1,28002,東京メトロ丸ノ内線,226,68,64
2800216,2800216,新宿御苑前,139.71069,35.688588,2800217,2800217,新宿三丁目,139.704895,35.690847,2,28002,東京メトロ丸ノ内線,226,68,64
2800217,2800217,新宿三丁目,139.704895,35.690847,2800218,1130208,新宿,139.700711,35.69235,1,28002,東京メトロ丸ノ内線,226,68,64
2800218,1130208,新宿,139.700711,35.69235,2800219,2800219,西新宿,139.692778,35.694298,6,28002,東京メトロ丸ノ内線,226,68,64
2800219,2800219,西新宿,139.692778,35.694298,2800220,2800220,中野坂上,139.68291,35.69792,1,28002,東京メトロ丸ノ内線,226,68,64
2800220,2800220,中野坂上,139.68291,35.69792,2800221,2800221,新中野,139.66903,35.697491,1,28002,東京メトロ丸ノ内線,226,68,64
2800220,2800220,中野坂上,139.68291,35.69792,2800226,2800226,中野新橋,139.673997,35.692123,2,28002,東京メトロ丸ノ内線,226,68,64
2800221,2800221,新中野,139.66903,35.697491,2800222,2800222,東高円寺,139.657822,35.697802,1,28002,東京メトロ丸ノ内線,226,68,64
2800222,2800222,東高円寺,139.657822,35.697802,2800223,2800223,新高円寺,139.648068,35.697985,1,28002,東京メトロ丸ノ内線,226,68,64
2800223,2800223,新高円寺,139.648068,35.697985,2800224,2800224,南阿佐ケ谷,139.63576,35.699624,2,28002,東京メトロ丸ノ内線,226,68,64
2800224,2800224,南阿佐ケ谷,139.63576,35.699624,2800225,1131217,荻窪,139.620116,35.704304,3,28002,東京メトロ丸ノ内線,226,68,64
2800226,2800226,中野新橋,139.673997,35.692123,2800227,2800227,中野富士見町,139.666933,35.690514,1,28002,東京メトロ丸ノ内線,226,68,64
2800227,2800227,中野富士見町,139.666933,35.690514,2800228,2800228,方南町,139.656498,35.683496,2,28002,東京メトロ丸ノ内線,226,68,64
2800301,1132005,北千住,139.804276,35.748916,2800302,1132004,南千住,139.799273,35.733398,3,28003,東京メトロ日比谷線,182,181,173
2800302,1132004,南千住,139.799273,35.733398,2800303,2800303,三ノ輪,139.791485,35.729623,1,28003,東京メトロ日比谷線,182,181,173
2800303,2800303,三ノ輪,139.791485,35.729623,2800304,2800304,入谷,139.783924,35.719862,1,28003,東京メトロ日比谷線,182,181,173
2800304,2800304,入谷,139.783924,35.719862,2800305,1130220,上野,139.777122,35.711482,1,28003,東京メトロ日比谷線,182,181,173
2800305,1130220,上野,139.777122,35.711482,2800306,1130221,仲御徒町,139.776138,35.706649,1,28003,東京メトロ日比谷線,182,181,173
2800306,1130221,仲御徒町,139.776138,35.706649,2800307,1130222,秋葉原,139.775459,35.698162,2,28003,東京メトロ日比谷線,182,181,173
2800307,1130222,秋葉原,139.775459,35.698162,2800308,2800308,小伝馬町,139.778433,35.690737,2,28003,東京メトロ日比谷線,182,181,173
2800308,2800308,小伝馬町,139.778433,35.690737,2800309,2800309,人形町,139.782285,35.686307,1,28003,東京メトロ日比谷線,182,181,173
2800309,2800309,人形町,139.782285,35.686307,2800310,2800310,茅場町,139.780005,35.679752,2,28003,東京メトロ日比谷線,182,181,173
2800310,2800310,茅場町,139.780005,35.679752,2800311,1132602,八丁堀,139.776982,35.674851,1,28003,東京メトロ日比谷線,182,181,173
2800311,1132602,八丁堀,139.776982,35.674851,2800312,2800312,築地,139.772603,35.668115,1,28003,東京メトロ日比谷線,182,181,173
2800312,2800312,築地,139.772603,35.668115,2800313,2800313,東銀座,139.767253,35.669464,1,28003,東京メトロ日比谷線,182,181,173
2800313,2800313,東銀座,139.767253,35.669464,2800314,2800111,銀座,139.763965,35.671989,1,28003,東京メトロ日比谷線,182,181,173
2800314,2800111,銀座,139.763965,35.671989,2800315,1130225,日比谷,139.76017,35.67459,0,28003,東京メトロ日比谷線,182,181,173
2800315,1130225,日比谷,139.76017,35.67459,2800316,2800211,霞ケ関,139.750899,35.673838,1,28003,東京メトロ日比谷線,182,181,173
2800316,2800211,霞ケ関,139.750899,35.673838,2800322,2800113,虎ノ門ヒルズ,139.747778,35.667444,1,28003,東京メトロ日比谷線,182,181,173
2800317,2800317,神谷町,139.745069,35.662978,2800318,2800318,六本木,139.731443,35.662836,3,28003,東京メトロ日比谷線,182,181,173
2800318,2800318,六本木,139.731443,35.662836,2800319,2800319,広尾,139.722202,35.652279,3,28003,東京メトロ日比谷線,182,181,173
2800319,2800319,広尾,139.722202,35.652279,2800320,1130204,恵比寿,139.708988,35.647332,3,28003,東京メトロ日比谷線,182,181,173
2800320,1130204,恵比寿,139.708988,35.647332,2800321,2600103,中目黒,139.698621,35.643854,2,28003,東京メトロ日比谷線,182,181,173
2800322,2800113,虎ノ門ヒルズ,139.747778,35.667444,2800317,2800317,神谷町,139.745069,35.662978,1,28003,東京メトロ日比谷線,182,181,173
2800401,1131214,中野,139.665835,35.705765,2800402,2800402,落合,139.687284,35.710976,3,28004,東京メトロ東西線,68,153,187
2800402,2800402,落合,139.687284,35.710976,2800403,1130210,高田馬場,139.704745,35.713338,3,28004,東京メトロ東西線,68,153,187
2800403,1130210,高田馬場,139.704745,35.713338,2800404,2800404,早稲田,139.721319,35.705723,2,28004,東京メトロ東西線,68,153,187
2800404,2800404,早稲田,139.721319,35.705723,2800405,2800405,神楽坂,139.734546,35.70379,2,28004,東京メトロ東西線,68,153,187
2800405,2800405,神楽坂,139.734546,35.70379,2800406,1131316,飯田橋,139.745986,35.701725,2,28004,東京メトロ東西線,68,153,187
2800406,1131316,飯田橋,139.745986,35.701725,2800407,2800407,九段下,139.751948,35.695589,1,28004,東京メトロ東西線,68,153,187
2800407,2800407,九段下,139.751948,35.695589,2800408,2800408,竹橋,139.756817,35.690662,1,28004,東京メトロ東西線,68,153,187
2800408,2800408,竹橋,139.756817,35.690662,2800409,2800208,大手町,139.766086,35.684801,2,28004,東京メトロ東西線,68,153,187
2800409,2800208,大手町,139.766086,35.684801,2800410,2800109,日本橋,139.773516,35.682078,1,28004,東京メトロ東西線,68,153,187
2800410,2800109,日本橋,139.773516,35.682078,2800411,2800310,茅場町,139.780005,35.679752,1,28004,東京メトロ東西線,68,153,187
2800411,2800310,茅場町,139.780005,35.679752,2800412,2800412,門前仲町,139.796209,35.671851,2,28004,東京メトロ東西線,68,153,187
2800412,2800412,門前仲町,139.796209,35.671851,2800413,2800413,木場,139.807042,35.669351,1,28004,東京メトロ東西線,68,153,187
2800413,2800413,木場,139.807042,35.669351,2800414,2800414,東陽町,139.817596,35.669629,2,28004,東京メトロ東西線,68,153,187
2800414,2800414,東陽町,139.817596,35.669629,2800415,2800415,南砂町,139.83065,35.668796,2,28004,東京メトロ東西線,68,153,187
2800415,2800415,南砂町,139.83065,35.668796,2800416,2800416,西葛西,139.859259,35.664631,3,28004,東京メトロ東西線,68,153,187
2800416,2800416,西葛西,139.859259,35.664631,2800417,2800417,葛西,139.872458,35.663554,2,28004,東京メトロ東西線,68,153,187
2800501,2800501,北綾瀬,139.832035,35.777117,2800502,1132006,綾瀬,139.825019,35.762222,4,28005,東京メトロ千代田線,84,184,137
2800502,1132006,綾瀬,139.825019,35.762222,2800503,1132005,北千住,139.804276,35.748916,3,28005,東京メトロ千代田線,84,184,137
2800503,1132005,北千住,139.804276,35.748916,2800504,2300104,町屋,139.780501,35.742733,3,28005,東京メトロ千代田線,84,184,137
2800504,2300104,町屋,139.780501,35.742733,2800505,1130217,西日暮里,139.766511,35.732257,2,28005,東京メトロ千代田線,84,184,137
2800505,1130217,西日暮里,139.766511,35.732257,2800506,2800506,千駄木,139.763243,35.725549,1,28005,東京メトロ千代田線,84,184,137
2800506,2800506,千駄木,139.763243,35.725549,2800507,2800507,根津,139.765655,35.7174,1,28005,東京メトロ千代田線,84,184,137
2800507,2800507,根津,139.765655,35.7174,2800508,2800508,湯島,139.769916,35.708243,1,28005,東京メトロ千代田線,84,184,137
2800508,2800508,湯島,139.769916,35.708243,2800509,1131203,新御茶ノ水,139.766014,35.698072,1,28005,東京メトロ千代田線,84,184,137
2800509,1131203,新御茶ノ水,139.766014,35.698072,2800510,2800208,大手町,139.763399,35.686154,2,28005,東京メトロ千代田線,84,184,137
2800510,2800208,大手町,139.763399,35.686154,2800511,2800511,二重橋前,139.761948,35.681071,1,28005,東京メトロ千代田線,84,184,137
2800511,2800511,二重橋前,139.761948,35.681071,2800512,1130225,日比谷,139.758732,35.674241,1,28005,東京メトロ千代田線,84,184,137
2800512,1130225,日比谷,139.758732,35.674241,2800513,2800211,霞ケ関,139.750899,35.673838,1,28005,東京メトロ千代田線,84,184,137
2800513,2800211,霞ケ関,139.750899,35.673838,2800514,2800212,国会議事堂前,139.745219,35.67393,2,28005,東京メトロ千代田線,84,184,137
2800514,2800212,国会議事堂前,139.745219,35.67393,2800515,2800515,赤坂,139.738348,35.67323,1,28005,東京メトロ千代田線,84,184,137
2800515,2800515,赤坂,139.738348,35.67323,2800516,2800516,乃木坂,139.726215,35.666572,2,28005,東京メトロ千代田線,84,184,137
2800516,2800516,乃木坂,139.726215,35.666572,2800517,2800118,表参道,139.712314,35.665247,2,28005,東京メトロ千代田線,84,184,137
2800517,2800118,表参道,139.712314,35.665247,2800518,1130206,明治神宮前〈原宿〉,139.703995,35.669071,1,28005,東京メトロ千代田線,84,184,137
2800518,1130206,明治神宮前〈原宿〉,139.703995,35.669071,2800519,2500104,代々木公園,139.689099,35.669187,1,28005,東京メトロ千代田線,84,184,137
2800519,2500104,代々木公園,139.689099,35.669187,2800520,2500105,代々木上原,139.680153,35.669159,1,28005,東京メトロ千代田線,84,184,137
2800602,2100110,地下鉄成増,139.631497,35.776557,2800603,2100109,地下鉄赤塚,139.644021,35.769939,2,28006,東京メトロ有楽町線,189,165,119
2800603,2100109,地下鉄赤塚,139.644021,35.769939,2800604,2800604,平和台,139.653762,35.757863,2,28006,東京メトロ有楽町線,189,165,119
2800604,2800604,平和台,139.653762,35.757863,2800605,2800605,氷川台,139.665567,35.74955,2,28006,東京メトロ有楽町線,189,165,119
2800605,2800605,氷川台,139.665567,35.74955,2800606,2200301,小竹向原,139.678572,35.743803,2,28006,東京メトロ有楽町線,189,165,119
2800606,2200301,小竹向原,139.678572,35.743803,2800607,2800607,千川,139.689271,35.738229,2,28006,東京メトロ有楽町線,189,165,119
2800607,2800607,千川,139.689271,35.738229,2800608,2800608,要町,139.698715,35.73323,2,28006,東京メトロ有楽町線,189,165,119
2800608,2800608,要町,139.698715,35.73323,2800609,1130212,池袋,139.710088,35.729565,1,28006,東京メトロ有楽町線,189,165,119
2800609,1130212,池袋,139.710088,35.729565,2800610,2800610,東池袋,139.719546,35.725732,2,28006,東京メトロ有楽町線,189,165,119
2800610,2800610,東池袋,139.719546,35.725732,2800611,2800611,護国寺,139.72754,35.719044,1,28006,東京メトロ有楽町線,189,165,119
2800611,2800611,護国寺,139.72754,35.719044,2800612,2800612,江戸川橋,139.733538,35.709495,2,28006,東京メトロ有楽町線,189,165,119
2800612,2800612,江戸川橋,139.733538,35.709495,2800613,1131316,飯田橋,139.743669,35.701934,3,28006,東京メトロ有楽町線,189,165,119
2800613,1131316,飯田橋,139.743669,35.701934,2800614,1131315,市ケ谷,139.73625,35.691389,1,28006,東京メトロ有楽町線,189,165,119
2800614,1131315,市ケ谷,139.73625,35.691389,2800615,2800615,麹町,139.737613,35.684006,2,28006,東京メトロ有楽町線,189,165,119
2800615,2800615,麹町,139.737613,35.684006,2800616,2800115,永田町,139.740258,35.678757,2,28006,東京メトロ有楽町線,189,165,119
2800616,2800115,永田町,139.740258,35.678757,2800617,2800617,桜田門,139.75149,35.677405,2,28006,東京メトロ有楽町線,189,165,119
2800617,2800617,桜田門,139.75149,35.677405,2800618,1130225,有楽町,139.763265,35.675714,1,28006,東京メトロ有楽町線,189,165,119
2800618,1130225,有楽町,139.763265,35.675714,2800619,2800111,銀座一丁目,139.767045,35.67435,1,28006,東京メトロ有楽町線,189,165,119
2800619,2800111,銀座一丁目,139.767045,35.67435,2800620,2800312,新富町,139.773711,35.670462,1,28006,東京メトロ有楽町線,189,165,119
2800620,2800312,新富町,139.773711,35.670462,2800621,2800621,月島,139.784233,35.664871,2,28006,東京メトロ有楽町線,189,165,119
2800621,2800621,月島,139.784233,35.664871,2800622,2800622,豊洲,139.79621,35.654908,2,28006,東京メトロ有楽町線,189,165,119
2800622,2800622,豊洲,139.79621,35.654908,2800623,2800623,辰巳,139.81052,35.645576,2,28006,東京メトロ有楽町線,189,165,119
2800623,2800623,辰巳,139.81052,35.645576,2800624,1132605,新木場,139.826254,35.645832,2,28006,東京メトロ有楽町線,189,165,119
2800801,1130205,渋谷,139.701,35.659066,2800802,2800118,表参道,139.712314,35.665247,2,28008,東京メトロ半蔵門線,139,119,208
2800802,2800118,表参道,139.712314,35.665247,2800803,2800116,青山一丁目,139.724159,35.672765,3,28008,東京メトロ半蔵門線,139,119,208
2800803,2800116,青山一丁目,139.724159,35.672765,2800804,2800115,永田町,139.740258,35.678757,2,28008,東京メトロ半蔵門線,139,119,208
2800804,2800115,永田町,139.740258,35.678757,2800805,2800805,半蔵門,139.74163,35.685703,2,28008,東京メトロ半蔵門線,139,119,208
2800805,2800805,半蔵門,139.74163,35.685703,2800806,2800407,九段下,139.751948,35.695589,2,28008,東京メトロ半蔵門線,139,119,208
2800806,2800407,九段下,139.751948,35.695589,2800807,2800807,神保町,139.757606,35.695966,1,28008,東京メトロ半蔵門線,139,119,208
2800807,2800807,神保町,139.757606,35.695966,2800808,2800208,大手町,139.764107,35.68686,3,28008,東京メトロ半蔵門線,139,119,208
2800808,2800208,大手町,139.764107,35.68686,2800809,1131402,三越前,139.773147,35.684908,1,28008,東京メトロ半蔵門線,139,119,208
2800809,1131402,三越前,139.773147,35.684908,2800810,2800309,水天宮前,139.785377,35.682683,2,28008,東京メトロ半蔵門線,139,119,208
2800810,2800309,水天宮前,139.785377,35.682683,2800811,2800811,清澄白河,139.798851,35.682105,2,28008,東京メトロ半蔵門線,139,119,208
2800811,2800811,清澄白河,139.798851,35.682105,2800814,2800814,住吉,139.815681,35.689073,3,28008,東京メトロ半蔵門線,139,119,208
2800812,1131322,錦糸町,139.814941,35.697578,2800813,2100203,押上〈スカイツリー前〉,139.812935,35.710702,13,28008,東京メトロ半蔵門線,139,119,208
2800814,2800814,住吉,139.815681,35.689073,2800812,1131322,錦糸町,139.814941,35.697578,1,28008,東京メトロ半蔵門線,139,119,208
2800901,2800901,赤羽岩淵,139.722103,35.783417,2800902,2800902,志茂,139.732599,35.777948,2,28009,東京メトロ南北線,78,169,155
2800902,2800902,志茂,139.732599,35.777948,2800903,2800903,王子神谷,139.735933,35.765172,2,28009,東京メトロ南北線,78,169,155
2800903,2800903,王子神谷,139.735933,35.765172,2800904,1133212,王子,139.737618,35.753966,2,28009,東京メトロ南北線,78,169,155
2800904,1133212,王子,139.737618,35.753966,2800905,2800905,西ケ原,139.742322,35.746008,1,28009,東京メトロ南北線,78,169,155
2800905,2800905,西ケ原,139.742322,35.746008,2800906,1130215,駒込,139.746442,35.736959,2,28009,東京メトロ南北線,78,169,155
2800906,1130215,駒込,139.746442,35.736959,2800907,2800907,本駒込,139.753828,35.724155,2,28009,東京メトロ南北線,78,169,155
2800907,2800907,本駒込,139.753828,35.724155,2800908,2800908,東大前,139.758025,35.717633,1,28009,東京メトロ南北線,78,169,155
2800908,2800908,東大前,139.758025,35.717633,2800909,2800204,後楽園,139.751864,35.707898,3,28009,東京メトロ南北線,78,169,155
2800909,2800204,後楽園,139.751864,35.707898,2800910,1131316,飯田橋,139.743669,35.701934,2,28009,東京メトロ南北線,78,169,155
2800910,1131316,飯田橋,139.743669,35.701934,2800911,1131315,市ケ谷,139.736389,35.692972,1,28009,東京メトロ南北線,78,169,155
2800911,1131315,市ケ谷,139.736389,35.692972,2800912,1131102,四ツ谷,139.72955,35.686032,1,28009,東京メトロ南北線,78,169,155
2800912,1131102,四ツ谷,139.72955,35.686032,2800913,2800115,永田町,139.740258,35.678757,2,28009,東京メトロ南北線,78,169,155
2800913,2800115,永田町,139.740258,35.678757,2800914,2800114,溜池山王,139.741419,35.673621,1,28009,東京メトロ南北線,78,169,155
2800914,2800114,溜池山王,139.741419,35.673621,2800915,2800915,六本木一丁目,139.739,35.665595,2,28009,東京メトロ南北線,78,169,155
2800915,2800915,六本木一丁目,139.739,35.665595,2800916,2800916,麻布十番,139.737051,35.654682,1,28009,東京メトロ南北線,78,169,155
2800916,2800916,麻布十番,139.737051,35.654682,2800917,2800917,白金高輪,139.734104,35.642903,2,28009,東京メトロ南北線,78,169,155
2800917,2800917,白金高輪,139.734104,35.642903,2800918,2800918,白金台,139.726133,35.637917,2,28009,東京メトロ南北線,78,169,155
2800918,2800918,白金台,139.726133,35.637917,2800919,1130203,目黒,139.7155,35.633272,2,28009,東京メトロ南北線,78,169,155
2801002,2100110,地下鉄成増,139.631497,35.776557,2801003,2100109,地下鉄赤塚,139.644021,35.769939,2,28010,東京メトロ副都心線,148,97,58
2801003,2100109,地下鉄赤塚,139.644021,35.769939,2801004,2800604,平和台,139.653762,35.757863,2,28010,東京メトロ副都心線,148,97,58
2801004,2800604,平和台,139.653762,35.757863,2801005,2800605,氷川台,139.665567,35.74955,2,28010,東京メトロ副都心線,148,97,58
2801005,2800605,氷川台,139.665567,35.74955,2801006,2200301,小竹向原,139.678572,35.743803,2,28010,東京メトロ副都心線,148,97,58
2801006,2200301,小竹向原,139.678572,35.743803,2801007,2800607,千川,139.689271,35.738229,2,28010,東京メトロ副都心線,148,97,58
2801007,2800607,千川,139.689271,35.738229,2801008,2800608,要町,139.698715,35.73323,2,28010,東京メトロ副都心線,148,97,58
2801008,2800608,要町,139.698715,35.73323,2801009,1130212,池袋,139.708291,35.731464,1,28010,東京メトロ副都心線,148,97,58
2801009,1130212,池袋,139.708291,35.731464,2801010,2801010,雑司が谷,139.714795,35.720233,2,28010,東京メトロ副都心線,148,97,58
2801010,2801010,雑司が谷,139.714795,35.720233,2801011,2801011,西早稲田,139.709101,35.708242,1,28010,東京メトロ副都心線,148,97,58
2801011,2801011,西早稲田,139.709101,35.708242,2801012,2801012,東新宿,139.707593,35.698915,2,28010,東京メトロ副都心線,148,97,58
2801012,2801012,東新宿,139.707593,35.698915,2801013,2800217,新宿三丁目,139.704828,35.690853,2,28010,東京メトロ副都心線,148,97,58
2801013,2800217,新宿三丁目,139.704828,35.690853,2801014,2801014,北参道,139.705453,35.678459,2,28010,東京メトロ副都心線,148,97,58
2801014,2801014,北参道,139.705453,35.678459,2801015,1130206,明治神宮前〈原宿〉,139.705367,35.668497,2,28010,東京メトロ副都心線,148,97,58
2801015,1130206,明治神宮前〈原宿〉,139.705367,35.668497,2801016,1130205,渋谷,139.702417,35.659545,2,28010,東京メトロ副都心線,148,97,58
9930101,9930101,都庁前,139.69257,35.690551,9930102,9930102,新宿西口,139.699155,35.693315,1,99301,都営大江戸線,190,40,92
9930101,9930101,都庁前,139.69257,35.690551,9930129,9930129,西新宿五丁目,139.684304,35.689798,2,99301,都営大江戸線,190,40,92
9930102,9930102,新宿西口,139.699155,35.693315,9930103,2801012,東新宿,139.707549,35.69792,2,99301,都営大江戸線,190,40,92
9930103,2801012,東新宿,139.707549,35.69792,9930104,9930104,若松河田,139.718184,35.699218,2,99301,都営大江戸線,190,40,92
9930104,9930104,若松河田,139.718184,35.699218,9930105,9930105,牛込柳町,139.725027,35.699518,1,99301,都営大江戸線,190,40,92
9930105,9930105,牛込柳町,139.725027,35.699518,9930106,9930106,牛込神楽坂,139.735802,35.700851,2,99301,都営大江戸線,190,40,92
9930106,9930106,牛込神楽坂,139.735802,35.700851,9930107,1131316,飯田橋,139.744999,35.702927,2,99301,都営大江戸線,190,40,92
9930107,1131316,飯田橋,139.744999,35.702927,9930108,9930108,春日,139.75325,35.709598,2,99301,都営大江戸線,190,40,92
9930108,9930108,春日,139.75325,35.709598,9930109,2800205,本郷三丁目,139.760095,35.707462,1,99301,都営大江戸線,190,40,92
9930109,2800205,本郷三丁目,139.760095,35.707462,9930110,1130221,上野御徒町,139.774332,35.707893,2,99301,都営大江戸線,190,40,92
9930110,1130221,上野御徒町,139.774332,35.707893,9930111,9930111,新御徒町,139.781958,35.707045,1,99301,都営大江戸線,190,40,92
9930111,9930111,新御徒町,139.781958,35.707045,9930112,9930112,蔵前,139.790931,35.703236,1,99301,都営大江戸線,190,40,92
9930112,9930112,蔵前,139.790931,35.703236,9930113,1131321,両国,139.797421,35.696881,12,99301,都営大江戸線,190,40,92
9930113,1131321,両国,139.797421,35.696881,9930114,9930114,森下,139.797042,35.68796,11,99301,都営大江戸線,190,40,92
9930114,9930114,森下,139.797042,35.68796,9930115,2800811,清澄白河,139.798851,35.682105,1,99301,都営大江戸線,190,40,92
9930115,2800811,清澄白河,139.798851,35.682105,9930116,2800412,門前仲町,139.796209,35.671851,2,99301,都営大江戸線,190,40,92
9930116,2800412,門前仲町,139.796209,35.671851,9930117,2800621,月島,139.784233,35.664871,1,99301,都営大江戸線,190,40,92
9930117,2800621,月島,139.784233,35.664871,9930118,9930118,勝どき,139.776442,35.658507,1,99301,都営大江戸線,190,40,92
9930118,9930118,勝どき,139.776442,35.658507,9930119,9930119,築地市場,139.766915,35.664895,2,99301,都営大江戸線,190,40,92
9930119,9930119,築地市場,139.766915,35.664895,9930120,9930120,汐留,139.760642,35.663703,2,99301,都営大江戸線,190,40,92
9930120,9930120,汐留,139.760642,35.663703,9930121,9930121,大門,139.75466,35.656785,1,99301,都営大江戸線,190,40,92
9930121,9930121,大門,139.75466,35.656785,9930122,9930122,赤羽橋,139.743642,35.655007,2,99301,都営大江戸線,190,40,92
9930122,9930122,赤羽橋,139.743642,35.655007,9930123,2800916,麻布十番,139.736116,35.656503,1,99301,都営大江戸線,190,40,92
9930123,2800916,麻布十番,139.736116,35.656503,9930124,2800318,六本木,139.731567,35.663921,2,99301,都営大江戸線,190,40,92
9930124,2800318,六本木,139.731567,35.663921,9930125,2800116,青山一丁目,139.72396,35.672929,2,99301,都営大江戸線,190,40,92
9930125,2800116,青山一丁目,139.72396,35.672929,9930126,9930126,国立競技場,139.714932,35.679831,2,99301,都営大江戸線,190,40,92
9930126,9930126,国立競技場,139.714932,35.679831,9930127,1130207,代々木,139.701666,35.683218,2,99301,都営大江戸線,190,40,92
9930127,1130207,代々木,139.701666,35.683218,9930128,1130208,新宿,139.698812,35.68869,2,99301,都営大江戸線,190,40,92
9930128,1130208,新宿,139.698812,35.68869,9930101,9930101,都庁前,139.69257,35.690551,2,99301,都営大江戸線,190,40,92
9930129,9930129,西新宿五丁目,139.684304,35.689798,9930130,2800220,中野坂上,139.682279,35.69709,2,99301,都営大江戸線,190,40,92
9930130,2800220,中野坂上,139.682279,35.69709,9930131,1131308,東中野,139.682987,35.706891,1,99301,都営大江戸線,190,40,92
9930131,1131308,東中野,139.682987,35.706891,9930132,2200704,中井,139.686356,35.714035,1,99301,都営大江戸線,190,40,92
9930132,2200704,中井,139.686356,35.714035,9930133,9930133,落合南長崎,139.683303,35.723608,2,99301,都営大江戸線,190,40,92
9930133,9930133,落合南長崎,139.683303,35.723608,9930134,9930134,新江古田,139.670653,35.732538,2,99301,都営大江戸線,190,40,92
9930134,9930134,新江古田,139.670653,35.732538,9930135,2200106,練馬,139.65477,35.737404,2,99301,都営大江戸線,190,40,92
9930135,2200106,練馬,139.65477,35.737404,9930136,2200402,豊島園,139.64911,35.742067,3,99301,都営大江戸線,190,40,92
9930136,2200402,豊島園,139.64911,35.742067,9930137,9930137,練馬春日町,139.640236,35.751452,19,99301,都営大江戸線,190,40,92
9930137,9930137,練馬春日町,139.640236,35.751452,9930138,9930138,光が丘,139.628603,35.758526,2,99301,都営大江戸線,190,40,92
9930201,9930201,西馬込,139.705942,35.586859,9930202,9930202,馬込,139.711772,35.596435,2,99302,都営浅草線,214,77,59
9930202,9930202,馬込,139.711772,35.596435,9930203,2600404,中延,139.713736,35.605769,2,99302,都営浅草線,214,77,59
9930203,2600404,中延,139.713736,35.605769,9930204,2600503,戸越,139.716495,35.614633,1,99302,都営浅草線,214,77,59
9930204,2600503,戸越,139.716495,35.614633,9930205,1130202,五反田,139.724175,35.627102,2,99302,都営浅草線,214,77,59
9930205,1130202,五反田,139.724175,35.627102,9930206,9930206,高輪台,139.730305,35.631679,1,99302,都営浅草線,214,77,59
9930206,9930206,高輪台,139.730305,35.631679,9930207,2700101,泉岳寺,139.74002,35.638692,2,99302,都営浅草線,214,77,59
9930207,2700101,泉岳寺,139.74002,35.638692,9930208,9930208,三田,139.748775,35.64818,2,99302,都営浅草線,214,77,59
9930208,9930208,三田,139.748775,35.64818,9930209,9930121,大門,139.75466,35.656785,2,99302,都営浅草線,214,77,59
9930209,9930121,大門,139.75466,35.656785,9930210,1130102,新橋,139.759451,35.665577,1,99302,都営浅草線,214,77,59
9930210,1130102,新橋,139.759451,35.665577,9930211,2800313,東銀座,139.767253,35.669464,1,99302,都営浅草線,214,77,59
9930211,2800313,東銀座,139.767253,35.669464,9930212,2800110,宝町,139.771767,35.675461,1,99302,都営浅草線,214,77,59
9930212,2800110,宝町,139.771767,35.675461,9930213,2800109,日本橋,139.775721,35.681688,1,99302,都営浅草線,214,77,59
9930213,2800109,日本橋,139.775721,35.681688,9930214,2800309,人形町,139.782285,35.686307,2,99302,都営浅草線,214,77,59
9930214,2800309,人形町,139.782285,35.686307,9930215,1131403,東日本橋,139.784821,35.692126,1,99302,都営浅草線,214,77,59
9930215,1131403,東日本橋,139.784821,35.692126,9930216,1131320,浅草橋,139.786305,35.697451,1,99302,都営浅草線,214,77,59
9930216,1131320,浅草橋,139.786305,35.697451,9930217,9930112,蔵前,139.790931,35.703236,1,99302,都営浅草線,214,77,59
9930217,9930112,蔵前,139.790931,35.703236,9930218,2100201,浅草,139.79697,35.709461,1,99302,都営浅草線,214,77,59
9930218,2100201,浅草,139.79697,35.709461,9930219,9930219,本所吾妻橋,139.804624,35.70858,1,99302,都営浅草線,214,77,59
9930219,9930219,本所吾妻橋,139.804624,35.70858,9930220,2100203,押上（スカイツリー前）,139.812935,35.710702,9,99302,都営浅草線,214,77,59
9930301,1130203,目黒,139.7155,35.633272,9930302,2800918,白金台,139.726133,35.637917,2,99303,都営三田線,45,104,178
9930302,2800918,白金台,139.726133,35.637917,9930303,2800917,白金高輪,139.734104,35.642903,2,99303,都営三田線,45,104,178
9930303,2800917,白金高輪,139.734104,35.642903,9930304,9930208,三田,139.748775,35.64818,3,99303,都営三田線,45,104,178
9930304,9930208,三田,139.748775,35.64818,9930305,9930305,芝公園,139.749824,35.654074,1,99303,都営三田線,45,104,178
9930305,9930305,芝公園,139.749824,35.654074,9930306,9930306,御成門,139.751535,35.661215,1,99303,都営三田線,45,104,178
9930306,9930306,御成門,139.751535,35.661215,9930307,9930307,内幸町,139.75561,35.66975,1,99303,都営三田線,45,104,178
9930307,9930307,内幸町,139.75561,35.66975,9930308,1130225,日比谷,139.759998,35.676036,1,99303,都営三田線,45,104,178
9930308,1130225,日比谷,139.759998,35.676036,9930309,2800208,大手町,139.762959,35.684856,3,99303,都営三田線,45,104,178
9930309,2800208,大手町,139.762959,35.684856,9930310,2800807,神保町,139.75812,35.695492,2,99303,都営三田線,45,104,178
9930310,2800807,神保町,139.75812,35.695492,9930311,1131317,水道橋,139.75516,35.703398,1,99303,都営三田線,45,104,178
9930311,1131317,水道橋,139.75516,35.703398,9930312,9930108,春日,139.75325,35.709598,1,99303,都営三田線,45,104,178
9930312,9930108,春日,139.75325,35.709598,9930313,9930313,白山,139.752136,35.721408,2,99303,都営三田線,45,104,178
9930313,9930313,白山,139.752136,35.721408,9930314,9930314,千石,139.744792,35.727957,2,99303,都営三田線,45,104,178
9930314,9930314,千石,139.744792,35.727957,9930315,1130214,巣鴨,139.738519,35.733502,2,99303,都営三田線,45,104,178
9930315,1130214,巣鴨,139.738519,35.733502,9930316,9930316,西巣鴨,139.728712,35.743508,2,99303,都営三田線,45,104,178
9930316,9930316,西巣鴨,139.728712,35.743508,9930317,9930317,新板橋,139.720101,35.748785,2,99303,都営三田線,45,104,178
9930317,9930317,新板橋,139.720101,35.748785,9930318,9930318,板橋区役所前,139.710102,35.751284,2,99303,都営三田線,45,104,178
9930318,9930318,板橋区役所前,139.710102,35.751284,9930319,9930319,板橋本町,139.705535,35.761339,2,99303,都営三田線,45,104,178
9930319,9930319,板橋本町,139.705535,35.761339,9930320,9930320,本蓮沼,139.702324,35.768782,1,99303,都営三田線,45,104,178
9930320,9930320,本蓮沼,139.702324,35.768782,9930321,9930321,志村坂上,139.69538,35.775725,1,99303,都営三田線,45,104,178
9930321,9930321,志村坂上,139.69538,35.775725,9930322,9930322,志村三丁目,139.685937,35.777391,1,99303,都営三田線,45,104,178
9930322,9930322,志村三丁目,139.685937,35.777391,9930323,9930323,蓮根,139.678993,35.784335,1,99303,都営三田線,45,104,178
9930323,9930323,蓮根,139.678993,35.784335,9930324,9930324,西台,139.673971,35.78699,1,99303,都営三田線,45,104,178
9930324,9930324,西台,139.673971,35.78699,9930325,9930325,高島平,139.661216,35.789056,1,99303,都営三田線,45,104,178
9930325,9930325,高島平,139.661216,35.789056,9930326,9930326,新高島平,139.654275,35.790189,1,99303,都営三田線,45,104,178
9930326,9930326,新高島平,139.654275,35.790189,9930327,9930327,西高島平,139.64594,35.791833,2,99303,都営三田線,45,104,178
9930401,1130208,新宿,139.698812,35.68869,9930402,2800217,新宿三丁目,139.706271,35.690616,1,99304,都営新宿線,180,191,67
9930402,2800217,新宿三丁目,139.706271,35.690616,9930403,9930403,曙橋,139.722881,35.692402,2,99304,都営新宿線,180,191,67
9930403,9930403,曙橋,139.722881,35.692402,9930404,1131315,市ヶ谷,139.737639,35.691556,2,99304,都営新宿線,180,191,67
9930404,1131315,市ヶ谷,139.737639,35.691556,9930405,2800407,九段下,139.751948,35.695589,2,99304,都営新宿線,180,191,67
9930405,2800407,九段下,139.751948,35.695589,9930406,2800807,神保町,139.757606,35.695966,1,99304,都営新宿線,180,191,67
9930406,2800807,神保町,139.757606,35.695966,9930407,2800207,小川町,139.767551,35.695487,2,99304,都営新宿線,180,191,67
9930407,2800207,小川町,139.767551,35.695487,9930408,9930408,岩本町,139.775866,35.695534,2,99304,都営新宿線,180,191,67
9930408,9930408,岩本町,139.775866,35.695534,9930409,1131403,馬喰横山,139.782768,35.69212,1,99304,都営新宿線,180,191,67
9930409,1131403,馬喰横山,139.782768,35.69212,9930410,9930410,浜町,139.788154,35.688516,1,99304,都営新宿線,180,191,67
9930410,9930410,浜町,139.788154,35.688516,9930411,9930114,森下,139.797042,35.68796,1,99304,都営新宿線,180,191,67
9930411,9930114,森下,139.797042,35.68796,9930412,9930412,菊川,139.806016,35.688379,1,99304,都営新宿線,180,191,67
9930412,9930412,菊川,139.806016,35.688379,9930413,2800814,住吉,139.815681,35.689073,2,99304,都営新宿線,180,191,67
9930413,2800814,住吉,139.815681,35.689073,9930414,9930414,西大島,139.826206,35.689349,1,99304,都営新宿線,180,191,67
9930414,9930414,西大島,139.826206,35.689349,9930415,9930415,大島,139.83565,35.689905,1,99304,都営新宿線,180,191,67
9930415,9930415,大島,139.83565,35.689905,9930416,9930416,東大島,139.845963,35.690355,2,99304,都営新宿線,180,191,67
9930416,9930416,東大島,139.845963,35.690355,9930417,9930417,船堀,139.864258,35.683795,2,99304,都営新宿線,180,191,67
9930417,9930417,船堀,139.864258,35.683795,9930418,9930418,一之江,139.882934,35.686055,2,99304,都営新宿線,180,191,67
9930418,9930418,一之江,139.882934,35.686055,9930419,9930419,瑞江,139.89761,35.693318,2,99304,都営新宿線,180,191,67
9930419,9930419,瑞江,139.89761,35.693318,9930420,9930420,篠崎,139.903698,35.706017,2,99304,都営新宿線,180,191,67
9930501,9930501,三ノ輪橋,139.791412,35.732248,9930502,9930502,荒川一中前,139.788988,35.733659,0,99305,都営都電荒川線,201,98,129
9930502,9930502,荒川一中前,139.788988,35.733659,9930503,9930503,荒川区役所前,139.786456,35.73493,0,99305,都営都電荒川線,201,98,129
9930503,9930503,荒川区役所前,139.786456,35.73493,9930504,9930504,荒川二丁目,139.784696,35.738623,0,99305,都営都電荒川線,201,98,129
9930504,9930504,荒川二丁目,139.784696,35.738623,9930505,9930505,荒川七丁目,139.78417,35.741975,0,99305,都営都電荒川線,201,98,129
9930505,9930505,荒川七丁目,139.78417,35.741975,9930506,2300104,町屋駅前,139.781145,35.74275,3,99305,都営都電荒川線,201,98,129
9930506,2300104,町屋駅前,139.781145,35.74275,9930507,9930507,町屋二丁目,139.776625,35.743837,1,99305,都営都電荒川線,201,98,129
9930507,9930507,町屋二丁目,139.776625,35.743837,9930508,9930508,東尾久三丁目,139.774386,35.745398,1,99305,都営都電荒川線,201,98,129
9930508,9930508,東尾久三丁目,139.774386,35.745398,9930509,9930509,熊野前,139.769204,35.749212,3,99305,都営都電荒川線,201,98,129
9930509,9930509,熊野前,139.769204,35.749212,9930510,9930510,宮ノ前,139.764955,35.750135,0,99305,都営都電荒川線,201,98,129
9930510,9930510,宮ノ前,139.764955,35.750135,9930511,9930511,小台,139.761779,35.750579,1,99305,都営都電荒川線,201,98,129
9930511,9930511,小台,139.761779,35.750579,9930512,9930512,荒川遊園地前,139.757767,35.750744,0,99305,都営都電荒川線,201,98,129
9930512,9930512,荒川遊園地前,139.757767,35.750744,9930513,9930513,荒川車庫前,139.752617,35.750909,5,99305,都営都電荒川線,201,98,129
9930513,9930513,荒川車庫前,139.752617,35.750909,9930514,9930514,梶原,139.747403,35.751162,1,99305,都営都電荒川線,201,98,129
9930514,9930514,梶原,139.747403,35.751162,9930515,9930515,栄町,139.742124,35.750909,56,99305,都営都電荒川線,201,98,129
9930515,9930515,栄町,139.742124,35.750909,9930516,1133212,王子駅前,139.737661,35.753199,44,99305,都営都電荒川線,201,98,129
9930516,1133212,王子駅前,139.737661,35.753199,9930517,9930517,飛鳥山,139.737382,35.750248,1,99305,都営都電荒川線,201,98,129
9930517,9930517,飛鳥山,139.737382,35.750248,9930518,9930518,滝野川一丁目,139.735376,35.747374,0,99305,都営都電荒川線,201,98,129
9930518,9930518,滝野川一丁目,139.735376,35.747374,9930519,9930519,西ヶ原四丁目,139.732779,35.744501,2,99305,都営都電荒川線,201,98,129
9930519,9930519,西ヶ原四丁目,139.732779,35.744501,9930520,9930520,新庚申塚,139.730451,35.741348,1,99305,都営都電荒川線,201,98,129
9930520,9930520,新庚申塚,139.730451,35.741348,9930521,9930521,庚申塚,139.729743,35.739563,1,99305,都営都電荒川線,201,98,129
9930521,9930521,庚申塚,139.729743,35.739563,9930522,9930522,巣鴨新田,139.727769,35.735488,1,99305,都営都電荒川線,201,98,129
9930522,9930522,巣鴨新田,139.727769,35.735488,9930523,1130213,大塚駅前,139.729593,35.732082,4,99305,都営都電荒川線,201,98,129
9930523,1130213,大塚駅前,139.729593,35.732082,9930524,9930524,向原,139.724894,35.728938,0,99305,都営都電荒川線,201,98,129
9930524,9930524,向原,139.724894,35.728938,9930525,2800610,東池袋四丁目,139.720012,35.72528,2,99305,都営都電荒川線,201,98,129
9930525,2800610,東池袋四丁目,139.720012,35.72528,9930526,9930526,都電雑司ヶ谷,139.718006,35.724261,1,99305,都営都電荒川線,201,98,129
9930526,9930526,都電雑司ヶ谷,139.718006,35.724261,9930527,2801010,鬼子母神前,139.714916,35.720403,1,99305,都営都電荒川線,201,98,129
9930527,2801010,鬼子母神前,139.714916,35.720403,9930528,9930528,学習院下,139.71247,35.716248,1,99305,都営都電荒川線,201,98,129
9930528,9930528,学習院下,139.71247,35.716248,9930529,9930529,面影橋,139.714444,35.712981,1,99305,都営都電荒川線,201,98,129
9930529,9930529,面影橋,139.714444,35.712981,9930530,9930530,早稲田,139.718928,35.711848,34,99305,都営都電荒川線,201,98,129
9930901,1130222,秋葉原,139.774273,35.698889,9930902,9930111,新御徒町,139.781958,35.707045,2,99309,首都圏新都市鉄道つくばエクスプレス,18,39,101
9930902,9930111,新御徒町,139.781958,35.707045,9930903,9930903,浅草,139.792389,35.713817,19,99309,首都圏新都市鉄道つくばエクスプレス,18,39,101
9930903,9930903,浅草,139.792389,35.713817,9930904,1132004,南千住,139.798783,35.732413,17,99309,首都圏新都市鉄道つくばエクスプレス,18,39,101
9930904,1132004,南千住,139.798783,35.732413,9930905,1132005,北千住,139.805092,35.74949,2,99309,首都圏新都市鉄道つくばエクスプレス,18,39,101
9930905,1132005,北千住,139.805092,35.74949,9930906,9930906,青井,139.82038,35.771782,2,99309,首都圏新都市鉄道つくばエクスプレス,18,39,101
9930906,9930906,青井,139.82038,35.771782,9930907,9930907,六町,139.821816,35.784963,2,99309,首都圏新都市鉄道つくばエクスプレス,18,39,101
9931101,1130102,新橋,139.759644,35.665503,9931102,9930120,汐留,139.759985,35.662871,1,99311,ゆりかもめ東京臨海新交通臨海線,46,63,77
9931102,9930120,汐留,139.759985,35.662871,9931103,9931103,竹芝,139.762037,35.654099,3,99311,ゆりかもめ東京臨海新交通臨海線,46,63,77
9931103,9931103,竹芝,139.762037,35.654099,9931104,9931104,日の出,139.75906,35.649136,1,99311,ゆりかもめ東京臨海新交通臨海線,46,63,77
9931104,9931104,日の出,139.75906,35.649136,9931105,9931105,芝浦ふ頭,139.757852,35.641773,2,99311,ゆりかもめ東京臨海新交通臨海線,46,63,77
9931105,9931105,芝浦ふ頭,139.757852,35.641773,9931106,9931106,お台場海浜公園,139.778607,35.629813,6,99311,ゆりかもめ東京臨海新交通臨海線,46,63,77
9931106,9931106,お台場海浜公園,139.778607,35.629813,9931107,9931107,台場,139.771435,35.625908,1,99311,ゆりかもめ東京臨海新交通臨海線,46,63,77
9931107,9931107,台場,139.771435,35.625908,9931108,9931108,東京国際クルーズターミナル,139.773157,35.621462,2,99311,ゆりかもめ東京臨海新交通臨海線,46,63,77
9931108,9931108,東京国際クルーズターミナル,139.773157,35.621462,9931109,9931109,テレコムセンター,139.779327,35.617593,2,99311,ゆりかもめ東京臨海新交通臨海線,46,63,77
9931109,9931109,テレコムセンター,139.779327,35.617593,9931110,9931110,青海,139.781132,35.62467,2,99311,ゆりかもめ東京臨海新交通臨海線,46,63,77
9931110,9931110,青海,139.781132,35.62467,9931111,9931111,東京ビッグサイト,139.791228,35.630158,2,99311,ゆりかもめ東京臨海新交通臨海線,46,63,77
9931111,9931111,東京ビッグサイト,139.791228,35.630158,9931112,9931112,有明,139.793269,35.634596,2,99311,ゆりかもめ東京臨海新交通臨海線,46,63,77
9931112,9931112,有明,139.793269,35.634596,9931113,9931113,有明テニスの森,139.78888,35.639964,1,99311,ゆりかもめ東京臨海新交通臨海線,46,63,77
9931113,9931113,有明テニスの森,139.78888,35.639964,9931114,9931114,市場前,139.78564,35.645684,2,99311,ゆりかもめ東京臨海新交通臨海線,46,63,77
9931114,9931114,市場前,139.78564,35.645684,9931115,9931115,新豊洲,139.789996,35.648718,2,99311,ゆりかもめ東京臨海新交通臨海線,46,63,77
9931115,9931115,新豊洲,139.789996,35.648718,9931116,2800622,豊洲,139.795414,35.653792,2,99311,ゆりかもめ東京臨海新交通臨海線,46,63,77
9933401,2400208,多摩センター,139.422782,35.623724,9933402,9933402,松が谷,139.422201,35.63169,3,99334,多摩都市モノレール線,237,112,67
9933402,9933402,松が谷,139.422201,35.63169,9933403,9933403,大塚・帝京大学,139.416461,35.636878,1,99334,多摩都市モノレール線,237,112,67
9933403,9933403,大塚・帝京大学,139.416461,35.636878,9933404,9933404,中央大学・明星大学,139.408672,35.64197,2,99334,多摩都市モノレール線,237,112,67
9933404,9933404,中央大学・明星大学,139.408672,35.64197,9933405,2400502,多摩動物公園,139.403672,35.648666,3,99334,多摩都市モノレール線,237,112,67
9933405,2400502,多摩動物公園,139.403672,35.648666,9933406,9933406,程久保,139.410698,35.655093,2,99334,多摩都市モノレール線,237,112,67
9933406,9933406,程久保,139.410698,35.655093,9933407,2400129,高幡不動,139.415184,35.66148,2,99334,多摩都市モノレール線,237,112,67
9933407,2400129,高幡不動,139.415184,35.66148,9933408,9933408,万願寺,139.420079,35.671249,3,99334,多摩都市モノレール線,237,112,67
9933408,9933408,万願寺,139.420079,35.671249,9933409,9933409,甲州街道,139.409191,35.678262,2,99334,多摩都市モノレール線,237,112,67
9933409,9933409,甲州街道,139.409191,35.678262,9933410,9933410,柴崎体育館,139.409191,35.689475,3,99334,多摩都市モノレール線,237,112,67
9933410,9933410,柴崎体育館,139.409191,35.689475,9933411,9933411,立川南,139.412546,35.696077,2,99334,多摩都市モノレール線,237,112,67
9933411,9933411,立川南,139.412546,35.696077,9933412,9933412,立川北,139.41254,35.699502,2,99334,多摩都市モノレール線,237,112,67
9933412,9933412,立川北,139.41254,35.699502,9933413,9933413,高松,139.413242,35.710158,31,99334,多摩都市モノレール線,237,112,67
9933413,9933413,高松,139.413242,35.710158,9933414,9933414,立飛,139.417387,35.714717,33,99334,多摩都市モノレール線,237,112,67
9933414,9933414,立飛,139.417387,35.714717,9933415,9933415,泉体育館,139.419525,35.718775,1,99334,多摩都市モノレール線,237,112,67
9933415,9933415,泉体育館,139.419525,35.718775,9933416,9933416,砂川七番,139.418097,35.723319,2,99334,多摩都市モノレール線,237,112,67
9933416,9933416,砂川七番,139.418097,35.723319,9933417,2200805,玉川上水,139.417866,35.73223,2,99334,多摩都市モノレール線,237,112,67
9933417,2200805,玉川上水,139.417866,35.73223,9933418,9933418,桜街道,139.416653,35.739,1,99334,多摩都市モノレール線,237,112,67
9933418,9933418,桜街道,139.416653,35.739,9933419,9933419,上北台,139.415822,35.745824,2,99334,多摩都市モノレール線,237,112,67
9933601,1130227,浜松町,139.756747,35.655666,9933602,9933602,天王洲アイル,139.750675,35.622908,4,99336,東京モノレール羽田空港線,37,46,103
9933602,9933602,天王洲アイル,139.750675,35.622908,9933603,9933603,大井競馬場前,139.74708,35.595006,3,99336,東京モノレール羽田空港線,37,46,103
9933603,9933603,大井競馬場前,139.74708,35.595006,9933604,9933604,流通センター,139.748964,35.58186,2,99336,東京モノレール羽田空港線,37,46,103
9933604,9933604,流通センター,139.748964,35.58186,9933605,9933605,昭和島,139.749918,35.570656,2,99336,東京モノレール羽田空港線,37,46,103
9933605,9933605,昭和島,139.749918,35.570656,9933606,9933606,整備場,139.753366,35.555125,2,99336,東京モノレール羽田空港線,37,46,103
9933606,9933606,整備場,139.753366,35.555125,9933607,2700205,天空橋,139.75423,35.548908,1,99336,東京モノレール羽田空港線,37,46,103
9933607,2700205,天空橋,139.75423,35.548908,9933611,2700207,羽田空港第三ターミナル,139.768206,35.544169,2,99336,東京モノレール羽田空港線,37,46,103
9933608,9933608,新整備場,139.786777,35.542773,9933609,2700206,羽田空港第一ターミナル,139.784653,35.549163,1,99336,東京モノレール羽田空港線,37,46,103
9933609,2700206,羽田空港第一ターミナル,139.784653,35.549163,9933610,2700206,羽田空港第二ターミナル,139.787979,35.550734,1,99336,東京モノレール羽田空港線,37,46,103
9933611,2700207,羽田空港第三ターミナル,139.768206,35.544169,9933608,9933608,新整備場,139.786777,35.542773,3,99336,東京モノレール羽田空港線,37,46,103
9933701,1132605,新木場,139.827402,35.646172,9933702,9933702,東雲,139.804395,35.640987,2,99337,東京臨海高速鉄道りんかい線,50,33,121
9933702,9933702,東雲,139.804395,35.640987,9933703,9933703,国際展示場,139.791617,35.63441,2,99337,東京臨海高速鉄道りんかい線,50,33,121
9933703,9933703,国際展示場,139.791617,35.63441,9933704,9933704,東京テレポート,139.778896,35.62753,1,99337,東京臨海高速鉄道りんかい線,50,33,121
9933704,9933704,東京テレポート,139.778896,35.62753,9933705,9933602,天王洲アイル,139.750793,35.620562,3,99337,東京臨海高速鉄道りんかい線,50,33,121
9933705,9933602,天王洲アイル,139.750793,35.620562,9933706,9933706,品川シーサイド,139.749549,35.608524,2,99337,東京臨海高速鉄道りんかい線,50,33,121
9933706,9933706,品川シーサイド,139.749549,35.608524,9933707,1133228,大井町,139.735025,35.607535,2,99337,東京臨海高速鉄道りんかい線,50,33,121
9933707,1133228,大井町,139.735025,35.607535,9933708,1130201,大崎,139.728439,35.619772,3,99337,東京臨海高速鉄道りんかい線,50,33,121
9934001,2300110,京成高砂,139.866875,35.750932,9934002,9934002,新柴又,139.879376,35.75101,2,99340,北総鉄道北総線,85,186,237
9934201,1130218,日暮里,139.771287,35.727908,9934202,1130217,西日暮里,139.766857,35.731954,1,99342,日暮里・舎人ライナー,197,69,119
9934202,1130217,西日暮里,139.766857,35.731954,9934203,9934203,赤土小学校前,139.768989,35.742454,8,99342,日暮里・舎人ライナー,197,69,119
9934203,9934203,赤土小学校前,139.768989,35.742454,9934204,9930509,熊野前,139.769695,35.748972,8,99342,日暮里・舎人ライナー,197,69,119
9934204,9930509,熊野前,139.769695,35.748972,9934205,9934205,足立小台,139.770381,35.754658,8,99342,日暮里・舎人ライナー,197,69,119
9934205,9934205,足立小台,139.770381,35.754658,9934206,9934206,扇大橋,139.770808,35.763897,1,99342,日暮里・舎人ライナー,197,69,119
9934206,9934206,扇大橋,139.770808,35.763897,9934207,9934207,高野,139.770679,35.768359,5,99342,日暮里・舎人ライナー,197,69,119
9934207,9934207,高野,139.770679,35.768359,9934208,9934208,江北,139.770306,35.774021,6,99342,日暮里・舎人ライナー,197,69,119
9934208,9934208,江北,139.770306,35.774021,9934209,9934209,西新井大師西,139.770094,35.781505,2,99342,日暮里・舎人ライナー,197,69,119
9934209,9934209,西新井大師西,139.770094,35.781505,9934210,9934210,谷在家,139.770043,35.788774,1,99342,日暮里・舎人ライナー,197,69,119
9934210,9934210,谷在家,139.770043,35.788774,9934211,9934211,舎人公園,139.770183,35.79623,1,99342,日暮里・舎人ライナー,197,69,119
9934211,9934211,舎人公園,139.770183,35.79623,9934212,9934212,舎人,139.770108,35.8057,2,99342,日暮里・舎人ライナー,197,69,119
9934212,9934212,舎人,139.770108,35.8057,9934213,9934213,見沼代親水公園,139.770719,35.814544,2,99342,日暮里・舎人ライナー,197,69,119