fromID,fromGroupID,fromName,toID,toGroupID,toName,time,routeID,routeName
1130101,1130101,東京,1130102,1130102,新橋,2,11301,JR東海道本線(東京～熱海)
1130102,1130102,新橋,1130103,1130103,品川,4,11301,JR東海道本線(東京～熱海)
1130201,1130201,大崎,1130202,1130202,五反田,2,11302,JR山手線
1130202,1130202,五反田,1130203,1130203,目黒,2,11302,JR山手線
1130203,1130203,目黒,1130204,1130204,恵比寿,3,11302,JR山手線
1130204,1130204,恵比寿,1130205,1130205,渋谷,2,11302,JR山手線
1130205,1130205,渋谷,1130206,1130206,原宿,3,11302,JR山手線
1130206,1130206,原宿,1130207,1130207,代々木,3,11302,JR山手線
1130207,1130207,代々木,1130208,1130208,新宿,2,11302,JR山手線
1130208,1130208,新宿,1130209,1130209,新大久保,3,11302,JR山手線
1130209,1130209,新大久保,1130210,1130210,高田馬場,2,11302,JR山手線
1130210,1130210,高田馬場,1130211,1130211,目白,1,11302,JR山手線
1130211,1130211,目白,1130212,1130212,池袋,3,11302,JR山手線
1130212,1130212,池袋,1130213,1130213,大塚,3,11302,JR山手線
1130213,1130213,大塚,1130214,1130214,巣鴨,2,11302,JR山手線
1130214,1130214,巣鴨,1130215,1130215,駒込,2,11302,JR山手線
1130215,1130215,駒込,1130216,1130216,田端,2,11302,JR山手線
1130216,1130216,田端,1130217,1130217,西日暮里,1,11302,JR山手線
1130217,1130217,西日暮里,1130218,1130218,日暮里,2,11302,JR山手線
1130218,1130218,日暮里,1130219,1130219,鶯谷,2,11302,JR山手線
1130219,1130219,鶯谷,1130220,1130220,上野,2,11302,JR山手線
1130220,1130220,上野,1130221,1130221,御徒町,1,11302,JR山手線
1130221,1130221,御徒町,1130222,1130222,秋葉原,2,11302,JR山手線
1130222,1130222,秋葉原,1130223,1130223,神田,2,11302,JR山手線
1130223,1130223,神田,1130224,1130101,東京,2,11302,JR山手線
1130224,1130101,東京,1130225,1130225,有楽町,2,11302,JR山手線
1130225,1130225,有楽町,1130226,1130102,新橋,2,11302,JR山手線
1130226,1130102,新橋,1130227,1130227,浜松町,3,11302,JR山手線
1130227,1130227,浜松町,1130228,1130228,田町,3,11302,JR山手線
1130228,1130228,田町,1130230,1130230,高輪ゲートウェイ,2,11302,JR山手線
1130229,1130103,品川,1130201,1130201,大崎,2,11302,JR山手線
1130230,1130230,高輪ゲートウェイ,1130229,1130103,品川,2,11302,JR山手線
1130317,1130317,矢野口,1130318,1130318,稲城長沼,3,11303,JR南武線
1130318,1130318,稲城長沼,1130319,1130319,南多摩,2,11303,JR南武線
1130319,1130319,南多摩,1130320,1130320,府中本町,3,11303,JR南武線
1130320,1130320,府中本町,1130321,1130321,分倍河原,2,11303,JR南武線
1130321,1130321,分倍河原,1130329,1130329,西府,2,11303,JR南武線
1130322,1130322,谷保,1130323,1130323,矢川,2,11303,JR南武線
1130323,1130323,矢川,1130324,1130324,西国立,2,11303,JR南武線
1130324,1130324,西国立,1130325,1130325,立川,2,11303,JR南武線
1130329,1130329,西府,1130322,1130322,谷保,2,11303,JR南武線
1130501,1130320,府中本町,1130502,1130502,北府中,2,11305,JR武蔵野線
1130502,1130502,北府中,1130503,1130503,西国分寺,3,11305,JR武蔵野線
1130503,1130503,西国分寺,1130504,1130504,新小平,4,11305,JR武蔵野線
1130504,1130504,新小平,1130505,1130505,新秋津,5,11305,JR武蔵野線
1130610,1130610,成瀬,1130611,1130611,町田,4,11306,JR横浜線
1130617,1130617,相原,1130618,1130618,八王子みなみ野,4,11306,JR横浜線
1130618,1130618,八王子みなみ野,1130619,1130619,片倉,2,11306,JR横浜線
1130619,1130619,片倉,1130620,1130620,八王子,3,11306,JR横浜線
1130801,1130101,東京,1130802,1130102,新橋,2,11308,JR横須賀線
1130802,1130102,新橋,1130803,1130103,品川,4,11308,JR横須賀線
1130803,1130103,品川,1130804,1130804,西大井,4,11308,JR横須賀線
1131101,1130101,東京,1131102,1131102,四ツ谷,9,11311,JR中央本線(東京～塩尻)
1131102,1131102,四ツ谷,1131103,1130208,新宿,6,11311,JR中央本線(東京～塩尻)
1131103,1130208,新宿,1131104,1131104,吉祥寺,15,11311,JR中央本線(東京～塩尻)
1131104,1131104,吉祥寺,1131105,1131105,三鷹,2,11311,JR中央本線(東京～塩尻)
1131105,1131105,三鷹,1131106,1131106,国分寺,6,11311,JR中央本線(東京～塩尻)
1131106,1131106,国分寺,1131107,1130325,立川,6,11311,JR中央本線(東京～塩尻)
1131107,1130325,立川,1131108,1131108,日野,3,11311,JR中央本線(東京～塩尻)
1131108,1131108,日野,1131109,1131109,豊田,3,11311,JR中央本線(東京～塩尻)
1131109,1131109,豊田,1131110,1130620,八王子,4,11311,JR中央本線(東京～塩尻)
1131110,1130620,八王子,1131111,1131111,西八王子,2,11311,JR中央本線(東京～塩尻)
1131111,1131111,西八王子,1131112,1131112,高尾,4,11311,JR中央本線(東京～塩尻)
1131201,1130101,東京,1131202,1130223,神田,2,11312,JR中央線(快速)
1131202,1130223,神田,1131203,1131203,御茶ノ水,2,11312,JR中央線(快速)
1131203,1131203,御茶ノ水,1131207,1131102,四ツ谷,5,11312,JR中央線(快速)
1131207,1131102,四ツ谷,1131211,1130208,新宿,6,11312,JR中央線(快速)
1131211,1130208,新宿,1131214,1131214,中野,5,11312,JR中央線(快速)
1131214,1131214,中野,1131215,1131215,高円寺,1,11312,JR中央線(快速)
1131215,1131215,高円寺,1131216,1131216,阿佐ケ谷,2,11312,JR中央線(快速)
1131216,1131216,阿佐ケ谷,1131217,1131217,荻窪,2,11312,JR中央線(快速)
1131217,1131217,荻窪,1131218,1131218,西荻窪,2,11312,JR中央線(快速)
1131218,1131218,西荻窪,1131219,1131104,吉祥寺,2,11312,JR中央線(快速)
1131219,1131104,吉祥寺,1131220,1131105,三鷹,2,11312,JR中央線(快速)
1131220,1131105,三鷹,1131221,1131221,武蔵境,2,11312,JR中央線(快速)
1131221,1131221,武蔵境,1131222,1131222,東小金井,3,11312,JR中央線(快速)
1131222,1131222,東小金井,1131223,1131223,武蔵小金井,2,11312,JR中央線(快速)
1131223,1131223,武蔵小金井,1131224,1131106,国分寺,3,11312,JR中央線(快速)
1131224,1131106,国分寺,1131225,1130503,西国分寺,2,11312,JR中央線(快速)
1131225,1130503,西国分寺,1131226,1131226,国立,2,11312,JR中央線(快速)
1131226,1131226,国立,1131227,1130325,立川,4,11312,JR中央線(快速)
1131227,1130325,立川,1131228,1131108,日野,3,11312,JR中央線(快速)
1131228,1131108,日野,1131229,1131109,豊田,3,11312,JR中央線(快速)
1131229,1131109,豊田,1131230,1130620,八王子,4,11312,JR中央線(快速)
1131230,1130620,八王子,1131231,1131111,西八王子,2,11312,JR中央線(快速)
1131231,1131111,西八王子,1131232,1131112,高尾,4,11312,JR中央線(快速)
1131301,1131105,三鷹,1131302,1131104,吉祥寺,2,11313,JR中央・総武緩行線
1131302,1131104,吉祥寺,1131303,1131218,西荻窪,2,11313,JR中央・総武緩行線
1131303,1131218,西荻窪,1131304,1131217,荻窪,3,11313,JR中央・総武緩行線
1131304,1131217,荻窪,1131305,1131216,阿佐ケ谷,2,11313,JR中央・総武緩行線
1131305,1131216,阿佐ケ谷,1131306,1131215,高円寺,2,11313,JR中央・総武緩行線
1131306,1131215,高円寺,1131307,1131214,中野,2,11313,JR中央・総武緩行線
1131307,1131214,中野,1131308,1131308,東中野,3,11313,JR中央・総武緩行線
1131308,1131308,東中野,1131309,1131309,大久保,2,11313,JR中央・総武緩行線
1131309,1131309,大久保,1131310,1130208,新宿,3,11313,JR中央・総武緩行線
1131310,1130208,新宿,1131311,1130207,代々木,1,11313,JR中央・総武緩行線
1131311,1130207,代々木,1131312,1131312,千駄ケ谷,2,11313,JR中央・総武緩行線
1131312,1131312,千駄ケ谷,1131313,1131313,信濃町,2,11313,JR中央・総武緩行線
1131313,1131313,信濃町,1131314,1131102,四ツ谷,2,11313,JR中央・総武緩行線
1131314,1131102,四ツ谷,1131315,1131315,市ケ谷,2,11313,JR中央・総武緩行線
1131315,1131315,市ケ谷,1131316,1131316,飯田橋,2,11313,JR中央・総武緩行線
1131316,1131316,飯田橋,1131317,1131317,水道橋,2,11313,JR中央・総武緩行線
1131317,1131317,水道橋,1131318,1131203,御茶ノ水,2,11313,JR中央・総武緩行線
1131318,1131203,御茶ノ水,1131319,1130222,秋葉原,2,11313,JR中央・総武緩行線
1131319,1130222,秋葉原,1131320,1131320,浅草橋,2,11313,JR中央・総武緩行線
1131320,1131320,浅草橋,1131321,1131321,両国,2,11313,JR中央・総武緩行線
1131321,1131321,両国,1131322,1131322,錦糸町,3,11313,JR中央・総武緩行線
1131322,1131322,錦糸町,1131323,1131323,亀戸,2,11313,JR中央・総武緩行線
1131323,1131323,亀戸,1131324,1131324,平井,3,11313,JR中央・総武緩行線
1131324,1131324,平井,1131325,1131325,新小岩,2,11313,JR中央・総武緩行線
1131325,1131325,新小岩,1131326,1131326,小岩,3,11313,JR中央・総武緩行線
1131401,1130101,東京,1131402,1131402,新日本橋,2,11314,JR総武本線
1131402,1131402,新日本橋,1131403,1131403,馬喰町,2,11314,JR総武本線
1131403,1131403,馬喰町,1131404,1131322,錦糸町,4,11314,JR総武本線
1131404,1131322,錦糸町,1131405,1131325,新小岩,7,11314,JR総武本線
1131501,1130325,立川,1131502,1131502,西立川,4,11315,JR青梅線
1131502,1131502,西立川,1131503,1131503,東中神,1,11315,JR青梅線
1131503,1131503,東中神,1131504,1131504,中神,2,11315,JR青梅線
1131504,1131504,中神,1131505,1131505,昭島,2,11315,JR青梅線
1131505,1131505,昭島,1131506,1131506,拝島,3,11315,JR青梅線
1131506,1131506,拝島,1131507,1131507,牛浜,3,11315,JR青梅線
1131507,1131507,牛浜,1131508,1131508,福生,2,11315,JR青梅線
1131508,1131508,福生,1131509,1131509,羽村,2,11315,JR青梅線
1131509,1131509,羽村,1131510,1131510,小作,3,11315,JR青梅線
1131510,1131510,小作,1131511,1131511,河辺,3,11315,JR青梅線
1131511,1131511,河辺,1131512,1131512,東青梅,2,11315,JR青梅線
1131512,1131512,東青梅,1131513,1131513,青梅,3,11315,JR青梅線
1131513,1131513,青梅,1131514,1131514,宮ノ平,3,11315,JR青梅線
1131514,1131514,宮ノ平,1131515,1131515,日向和田,2,11315,JR青梅線
1131515,1131515,日向和田,1131516,1131516,石神前,2,11315,JR青梅線
1131516,1131516,石神前,1131517,1131517,二俣尾,2,11315,JR青梅線
1131517,1131517,二俣尾,1131518,1131518,軍畑,2,11315,JR青梅線
1131518,1131518,軍畑,1131519,1131519,沢井,2,11315,JR青梅線
1131519,1131519,沢井,1131520,1131520,御嶽,3,11315,JR青梅線
1131520,1131520,御嶽,1131521,1131521,川井,4,11315,JR青梅線
1131521,1131521,川井,1131522,1131522,古里,3,11315,JR青梅線
1131522,1131522,古里,1131523,1131523,鳩ノ巣,4,11315,JR青梅線
1131523,1131523,鳩ノ巣,1131524,1131524,白丸,2,11315,JR青梅線
1131524,1131524,白丸,1131525,1131525,奥多摩,3,11315,JR青梅線
1131601,1131506,拝島,1131602,1131602,熊川,1,11316,JR五日市線
1131602,1131602,熊川,1131603,1131603,東秋留,3,11316,JR五日市線
1131603,1131603,東秋留,1131604,1131604,秋川,4,11316,JR五日市線
1131604,1131604,秋川,1131605,1131605,武蔵引田,2,11316,JR五日市線
1131605,1131605,武蔵引田,1131606,1131606,武蔵増戸,3,11316,JR五日市線
1131606,1131606,武蔵増戸,1131607,1131607,武蔵五日市,4,11316,JR五日市線
1131701,1130620,八王子,1131702,1131702,北八王子,3,11317,JR八高線(八王子～高麗川)
1131702,1131702,北八王子,1131703,1131703,小宮,3,11317,JR八高線(八王子～高麗川)
1131703,1131703,小宮,1131704,1131506,拝島,6,11317,JR八高線(八王子～高麗川)
1131704,1131506,拝島,1131705,1131705,東福生,4,11317,JR八高線(八王子～高麗川)
1131705,1131705,東福生,1131706,1131706,箱根ケ崎,4,11317,JR八高線(八王子～高麗川)
1131901,1130220,上野,1131902,1131902,尾久,5,11319,JR東北本線
1131902,1131902,尾久,1131903,1131903,赤羽,5,11319,JR東北本線
1132001,1130220,上野,1132002,1130218,日暮里,3,11320,JR常磐線(上野～取手)
1132002,1130218,日暮里,1132003,1132003,三河島,3,11320,JR常磐線(上野～取手)
1132003,1132003,三河島,1132004,1132004,南千住,3,11320,JR常磐線(上野～取手)
1132004,1132004,南千住,1132005,1132005,北千住,2,11320,JR常磐線(上野～取手)
1132005,1132005,北千住,1132006,1132006,綾瀬,4,11320,JR常磐線(上野～取手)
1132006,1132006,綾瀬,1132007,1132007,亀有,2,11320,JR常磐線(上野～取手)
1132007,1132007,亀有,1132008,1132008,金町,3,11320,JR常磐線(上野～取手)
1132101,1130201,大崎,1132102,1130204,恵比寿,5,11321,JR埼京線
1132102,1130204,恵比寿,1132103,1130205,渋谷,2,11321,JR埼京線
1132103,1130205,渋谷,1132104,1130208,新宿,5,11321,JR埼京線
1132104,1130208,新宿,1132105,1130212,池袋,9,11321,JR埼京線
1132105,1130212,池袋,1132106,1132106,板橋,2,11321,JR埼京線
1132106,1132106,板橋,1132107,1132107,十条,3,11321,JR埼京線
1132107,1132107,十条,1132108,1131903,赤羽,3,11321,JR埼京線
1132108,1131903,赤羽,1132109,1132109,北赤羽,2,11321,JR埼京線
1132109,1132109,北赤羽,1132110,1132110,浮間舟渡,2,11321,JR埼京線
1132301,1130220,上野,1132302,1131902,尾久,5,11323,JR高崎線
1132302,1131902,尾久,1132303,1131903,赤羽,5,11323,JR高崎線
1132601,1130101,東京,1132602,1132602,八丁堀,2,11326,JR京葉線
1132602,1132602,八丁堀,1132603,1132603,越中島,2,11326,JR京葉線
1132603,1132603,越中島,1132604,1132604,潮見,3,11326,JR京葉線
1132604,1132604,潮見,1132605,1132605,新木場,2,11326,JR京葉線
1132605,1132605,新木場,1132606,1132606,葛西臨海公園,4,11326,JR京葉線
1132805,1130212,池袋,1132806,1130208,新宿,6,11328,JR成田エクスプレス
1132806,1130208,新宿,1132807,1130205,渋谷,5,11328,JR成田エクスプレス
1132807,1130205,渋谷,1132808,1130103,品川,12,11328,JR成田エクスプレス
1132808,1130103,品川,1132809,1130101,東京,8,11328,JR成田エクスプレス
1132815,1131112,高尾,1132816,1130620,八王子,7,11328,JR成田エクスプレス
1132816,1130620,八王子,1132817,1130325,立川,11,11328,JR成田エクスプレス
1132817,1130325,立川,1132818,1131106,国分寺,5,11328,JR成田エクスプレス
1132818,1131106,国分寺,1132819,1131105,三鷹,10,11328,JR成田エクスプレス
1132819,1131105,三鷹,1132820,1131104,吉祥寺,2,11328,JR成田エクスプレス
1132820,1131104,吉祥寺,1132806,1130208,新宿,16,11328,JR成田エクスプレス
1133210,1131903,赤羽,1133211,1133211,東十条,3,11332,JR京浜東北線
1133211,1133211,東十条,1133212,1133212,王子,3,11332,JR京浜東北線
1133212,1133212,王子,1133213,1133213,上中里,2,11332,JR京浜東北線
1133213,1133213,上中里,1133214,1130216,田端,3,11332,JR京浜東北線
1133214,1130216,田端,1133215,1130217,西日暮里,1,11332,JR京浜東北線
1133215,1130217,西日暮里,1133216,1130218,日暮里,2,11332,JR京浜東北線
1133216,1130218,日暮里,1133217,1130219,鶯谷,2,11332,JR京浜東北線
1133217,1130219,鶯谷,1133218,1130220,上野,2,11332,JR京浜東北線
1133218,1130220,上野,1133219,1130221,御徒町,1,11332,JR京浜東北線
1133219,1130221,御徒町,1133220,1130222,秋葉原,2,11332,JR京浜東北線
1133220,1130222,秋葉原,1133221,1130223,神田,2,11332,JR京浜東北線
1133221,1130223,神田,1133222,1130101,東京,2,11332,JR京浜東北線
1133222,1130101,東京,1133223,1130225,有楽町,2,11332,JR京浜東北線
1133223,1130225,有楽町,1133224,1130102,新橋,2,11332,JR京浜東北線
1133224,1130102,新橋,1133225,1130227,浜松町,3,11332,JR京浜東北線
1133225,1130227,浜松町,1133226,1130228,田町,3,11332,JR京浜東北線
1133226,1130228,田町,1133227,1130103,品川,4,11332,JR京浜東北線
1133227,1130103,品川,1133228,1133228,大井町,3,11332,JR京浜東北線
1133228,1133228,大井町,1133229,1133229,大森,3,11332,JR京浜東北線
1133229,1133229,大森,1133230,1133230,蒲田,4,11332,JR京浜東北線
1133302,1131903,赤羽,1133303,1130212,池袋,9,11333,JR湘南新宿ライン
1133303,1130212,池袋,1133304,1130208,新宿,6,11333,JR湘南新宿ライン
1133304,1130208,新宿,1133305,1130205,渋谷,5,11333,JR湘南新宿ライン
1133305,1130205,渋谷,1133306,1130204,恵比寿,2,11333,JR湘南新宿ライン
1133306,1130204,恵比寿,1133307,1130201,大崎,6,11333,JR湘南新宿ライン
1133307,1130201,大崎,1133308,1130804,西大井,3,11333,JR湘南新宿ライン
1134301,1130101,東京,1134302,1130220,上野,5,11343,上野東京ライン
2100101,1130212,池袋,2100102,2100102,北池袋,1,21001,東武東上線
2100102,2100102,北池袋,2100103,2100103,下板橋,1,21001,東武東上線
2100103,2100103,下板橋,2100104,2100104,大山,2,21001,東武東上線
2100104,2100104,大山,2100105,2100105,中板橋,2,21001,東武東上線
2100105,2100105,中板橋,2100106,2100106,ときわ台,1,21001,東武東上線
2100106,2100106,ときわ台,2100107,2100107,上板橋,2,21001,東武東上線
2100107,2100107,上板橋,2100108,2100108,東武練馬,2,21001,東武東上線
2100108,2100108,東武練馬,2100109,2100109,下赤塚,2,21001,東武東上線
2100109,2100109,下赤塚,2100110,2100110,成増,1,21001,東武東上線
2100201,2100201,浅草,2100202,2100202,とうきょうスカイツリー,3,21002,東武伊勢崎線
2100202,2100202,とうきょうスカイツリー,2100203,2100203,押上〈スカイツリー前〉,2,21002,東武伊勢崎線
2100203,2100203,押上〈スカイツリー前〉,2100204,2100204,曳舟,8,21002,東武伊勢崎線
2100204,2100204,曳舟,2100205,2100205,東向島,1,21002,東武伊勢崎線
2100205,2100205,東向島,2100206,2100206,鐘ヶ淵,2,21002,東武伊勢崎線
2100206,2100206,鐘ヶ淵,2100207,2100207,堀切,2,21002,東武伊勢崎線
2100207,2100207,堀切,2100208,2100208,牛田,2,21002,東武伊勢崎線
2100208,2100208,牛田,2100209,1132005,北千住,2,21002,東武伊勢崎線
2100209,1132005,北千住,2100210,2100210,小菅,2,21002,東武伊勢崎線
2100210,2100210,小菅,2100211,2100211,五反野,2,21002,東武伊勢崎線
2100211,2100211,五反野,2100212,2100212,梅島,2,21002,東武伊勢崎線
2100212,2100212,梅島,2100213,2100213,西新井,1,21002,東武伊勢崎線
2100213,2100213,西新井,2100214,2100214,竹ノ塚,3,21002,東武伊勢崎線
2100501,2100204,曳舟,2100502,2100502,小村井,2,21005,東武亀戸線
2100502,2100502,小村井,2100503,2100503,東あずま,1,21005,東武亀戸線
2100503,2100503,東あずま,2100504,2100504,亀戸水神,2,21005,東武亀戸線
2100504,2100504,亀戸水神,2100505,1131323,亀戸,2,21005,東武亀戸線
2100601,2100213,西新井,2100602,2100602,大師前,2,21006,東武大師線
2200101,1130212,池袋,2200102,2200102,椎名町,3,22001,西武池袋線
2200102,2200102,椎名町,2200103,2200103,東長崎,1,22001,西武池袋線
2200103,2200103,東長崎,2200104,2200104,江古田,1,22001,西武池袋線
2200104,2200104,江古田,2200105,2200105,桜台,1,22001,西武池袋線
2200105,2200105,桜台,2200106,2200106,練馬,1,22001,西武池袋線
2200106,2200106,練馬,2200107,2200107,中村橋,2,22001,西武池袋線
2200107,2200107,中村橋,2200108,2200108,富士見台,1,22001,西武池袋線
2200108,2200108,富士見台,2200109,2200109,練馬高野台,2,22001,西武池袋線
2200109,2200109,練馬高野台,2200110,2200110,石神井公園,2,22001,西武池袋線
2200110,2200110,石神井公園,2200111,2200111,大泉学園,2,22001,西武池袋線
2200111,2200111,大泉学園,2200112,2200112,保谷,2,22001,西武池袋線
2200112,2200112,保谷,2200113,2200113,ひばりヶ丘,2,22001,西武池袋線
2200113,2200113,ひばりヶ丘,2200114,2200114,東久留米,2,22001,西武池袋線
2200114,2200114,東久留米,2200115,2200115,清瀬,2,22001,西武池袋線
2200115,2200115,清瀬,2200116,2200116,秋津,2,22001,西武池袋線
2200301,2200301,小竹向原,2200302,2200302,新桜台,2,22003,西武有楽町線
2200302,2200302,新桜台,2200303,2200106,練馬,2,22003,西武有楽町線
2200401,2200106,練馬,2200402,2200402,豊島園,3,22004,西武豊島線
2200701,2200701,西武新宿,2200702,1130210,高田馬場,3,22007,西武新宿線
2200702,1130210,高田馬場,2200703,2200703,下落合,2,22007,西武新宿線
2200703,2200703,下落合,2200704,2200704,中井,1,22007,西武新宿線
2200704,2200704,中井,2200705,2200705,新井薬師前,2,22007,西武新宿線
2200705,2200705,新井薬師前,2200706,2200706,沼袋,2,22007,西武新宿線
2200706,2200706,沼袋,2200707,2200707,野方,2,22007,西武新宿線
2200707,2200707,野方,2200708,2200708,都立家政,1,22007,西武新宿線
2200708,2200708,都立家政,2200709,2200709,鷺ノ宮,2,22007,西武新宿線
2200709,2200709,鷺ノ宮,2200710,2200710,下井草,1,22007,西武新宿線
2200710,2200710,下井草,2200711,2200711,井荻,1,22007,西武新宿線
2200711,2200711,井荻,2200712,2200712,上井草,2,22007,西武新宿線
2200712,2200712,上井草,2200713,2200713,上石神井,1,22007,西武新宿線
2200713,2200713,上石神井,2200714,2200714,武蔵関,1,22007,西武新宿線
2200714,2200714,武蔵関,2200715,2200715,東伏見,1,22007,西武新宿線
2200715,2200715,東伏見,2200716,2200716,西武柳沢,2,22007,西武新宿線
2200716,2200716,西武柳沢,2200717,2200717,田無,2,22007,西武新宿線
2200717,2200717,田無,2200718,2200718,花小金井,3,22007,西武新宿線
2200718,2200718,花小金井,2200719,2200719,小平,3,22007,西武新宿線
2200719,2200719,小平,2200720,2200720,久米川,2,22007,西武新宿線
2200720,2200720,久米川,2200721,2200721,東村山,2,22007,西武新宿線
2200801,2200719,小平,2200802,2200802,萩山,2,22008,西武拝島線
2200802,2200802,萩山,2200803,2200803,小川,2,22008,西武拝島線
2200803,2200803,小川,2200804,2200804,東大和市,3,22008,西武拝島線
2200804,2200804,東大和市,2200805,2200805,玉川上水,2,22008,西武拝島線
2200805,2200805,玉川上水,2200806,2200806,武蔵砂川,3,22008,西武拝島線
2200806,2200806,武蔵砂川,2200807,2200807,西武立川,2,22008,西武拝島線
2200807,2200807,西武立川,2200808,1131506,拝島,4,22008,西武拝島線
2200901,2200721,東村山,2200902,2200902,西武園,3,22009,西武西武園線
2201001,1131106,国分寺,2201002,2201002,恋ヶ窪,3,22010,西武国分寺線
2201002,2201002,恋ヶ窪,2201003,2201003,鷹の台,2,22010,西武国分寺線
2201003,2201003,鷹の台,2201004,2200803,小川,2,22010,西武国分寺線
2201004,2200803,小川,2201005,2200721,東村山,3,22010,西武国分寺線
2201101,1131106,国分寺,2201102,2201102,一橋学園,3,22011,西武多摩湖線
2201102,2201102,一橋学園,2201103,2201103,青梅街道,1,22011,西武多摩湖線
2201103,2201103,青梅街道,2201105,2200802,萩山,2,22011,西武多摩湖線
2201105,2200802,萩山,2201106,2201106,八坂,1,22011,西武多摩湖線
2201106,2201106,八坂,2201107,2201107,武蔵大和,3,22011,西武多摩湖線
2201107,2201107,武蔵大和,2201108,2200601,多摩湖,2,22011,西武多摩湖線
2201201,1131221,武蔵境,2201202,2201202,新小金井,2,22012,西武多摩川線
2201202,2201202,新小金井,2201203,2201203,多磨,3,22012,西武多摩川線
2201203,2201203,多磨,2201204,2201204,白糸台,2,22012,西武多摩川線
2201204,2201204,白糸台,2201205,2201205,競艇場前,2,22012,西武多摩川線
2201205,2201205,競艇場前,2201206,2201206,是政,2,22012,西武多摩川線
2300101,2300101,京成上野,2300102,1130218,日暮里,5,23001,京成本線
2300102,1130218,日暮里,2300103,2300103,新三河島,2,23001,京成本線
2300103,2300103,新三河島,2300104,2300104,町屋,6,23001,京成本線
2300104,2300104,町屋,2300105,2300105,千住大橋,6,23001,京成本線
2300105,2300105,千住大橋,2300106,2100208,京成関屋,2,23001,京成本線
2300106,2100208,京成関屋,2300107,2300107,堀切菖蒲園,2,23001,京成本線
2300107,2300107,堀切菖蒲園,2300108,2300108,お花茶屋,1,23001,京成本線
2300108,2300108,お花茶屋,2300109,2300109,青砥,3,23001,京成本線
2300109,2300109,青砥,2300110,2300110,京成高砂,2,23001,京成本線
2300110,2300110,京成高砂,2300111,2300111,京成小岩,2,23001,京成本線
2300111,2300111,京成小岩,2300112,2300112,江戸川,1,23001,京成本線
2300201,2100203,押上（スカイツリー前）,2300202,2300202,京成曳舟,11,23002,京成押上線
2300202,2300202,京成曳舟,2300203,2300203,八広,2,23002,京成押上線
2300203,2300203,八広,2300204,2300204,四ツ木,1,23002,京成押上線
2300204,2300204,四ツ木,2300205,2300205,京成立石,2,23002,京成押上線
2300205,2300205,京成立石,2300206,2300109,青砥,2,23002,京成押上線
2300206,2300109,青砥,2300207,2300110,京成高砂,2,23002,京成押上線
2300301,2300110,京成高砂,2300302,2300302,柴又,3,23003,京成金町線
2300302,2300302,柴又,2300303,1132008,京成金町,2,23003,京成金町線
2300601,2300101,京成上野,2300602,1130218,日暮里,5,23006,京成成田空港線
2300602,1130218,日暮里,2300603,2300109,青砥,17,23006,京成成田空港線
2300603,2300109,青砥,2300604,2300110,京成高砂,2,23006,京成成田空港線
2400101,1130208,新宿,2400104,2400104,笹塚,5,24001,京王線
2400104,2400104,笹塚,2400105,2400105,代田橋,1,24001,京王線
2400105,2400105,代田橋,2400106,2400106,明大前,1,24001,京王線
2400106,2400106,明大前,2400107,2400107,下高井戸,2,24001,京王線
2400107,2400107,下高井戸,2400108,2400108,桜上水,1,24001,京王線
2400108,2400108,桜上水,2400109,2400109,上北沢,1,24001,京王線
2400109,2400109,上北沢,2400110,2400110,八幡山,2,24001,京王線
2400110,2400110,八幡山,2400111,2400111,芦花公園,1,24001,京王線
2400111,2400111,芦花公園,2400112,2400112,千歳烏山,1,24001,京王線
2400112,2400112,千歳烏山,2400113,2400113,仙川,1,24001,京王線
2400113,2400113,仙川,2400114,2400114,つつじヶ丘,2,24001,京王線
2400114,2400114,つつじヶ丘,2400115,2400115,柴崎,2,24001,京王線
2400115,2400115,柴崎,2400116,2400116,国領,1,24001,京王線
2400116,2400116,国領,2400117,2400117,布田,1,24001,京王線
2400117,2400117,布田,2400118,2400118,調布,2,24001,京王線
2400118,2400118,調布,2400119,2400119,西調布,1,24001,京王線
2400119,2400119,西調布,2400120,2400120,飛田給,1,24001,京王線
2400120,2400120,飛田給,2400121,2400121,武蔵野台,2,24001,京王線
2400121,2400121,武蔵野台,2400122,2400122,多磨霊園,1,24001,京王線
2400122,2400122,多磨霊園,2400123,2400123,東府中,2,24001,京王線
2400123,2400123,東府中,2400124,2400124,府中,2,24001,京王線
2400124,2400124,府中,2400125,1130321,分倍河原,1,24001,京王線
2400125,1130321,分倍河原,2400126,2400126,中河原,2,24001,京王線
2400126,2400126,中河原,2400127,2400127,聖蹟桜ヶ丘,2,24001,京王線
2400127,2400127,聖蹟桜ヶ丘,2400128,2400128,百草園,2,24001,京王線
2400128,2400128,百草園,2400129,2400129,高幡不動,2,24001,京王線
2400129,2400129,高幡不動,2400130,2400130,南平,2,24001,京王線
2400130,2400130,南平,2400131,2400131,平山城址公園,2,24001,京王線
2400131,2400131,平山城址公園,2400132,2400132,長沼,2,24001,京王線
2400132,2400132,長沼,2400133,2400133,北野,2,24001,京王線
2400133,2400133,北野,2400134,2400134,京王八王子,2,24001,京王線
2400201,2400118,調布,2400202,2400202,京王多摩川,2,24002,京王相模原線
2400204,2400204,京王よみうりランド,2400205,2400205,稲城,2,24002,京王相模原線
2400207,2400207,京王永山,2400208,2400208,京王多摩センター,2,24002,京王相模原線
2400208,2400208,京王多摩センター,2400209,2400209,京王堀之内,2,24002,京王相模原線
2400209,2400209,京王堀之内,2400210,2400210,南大沢,2,24002,京王相模原線
2400210,2400210,南大沢,2400211,2400211,多摩境,2,24002,京王相模原線
2400301,2400133,北野,2400302,2400302,京王片倉,2,24003,京王高尾線
2400302,2400302,京王片倉,2400303,2400303,山田,4,24003,京王高尾線
2400303,2400303,山田,2400304,2400304,めじろ台,16,24003,京王高尾線
2400304,2400304,めじろ台,2400305,2400305,狭間,2,24003,京王高尾線
2400305,2400305,狭間,2400306,1131112,高尾,2,24003,京王高尾線
2400306,1131112,高尾,2400307,2400307,高尾山口,2,24003,京王高尾線
2400401,2400123,東府中,2400402,2400402,府中競馬正門前,2,24004,京王競馬場線
2400501,2400129,高幡不動,2400502,2400502,多摩動物公園,4,24005,京王動物園線
2400601,1130205,渋谷,2400602,2400602,神泉,1,24006,京王井の頭線
2400602,2400602,神泉,2400603,2400603,駒場東大前,1,24006,京王井の頭線
2400603,2400603,駒場東大前,2400604,2400604,池ノ上,1,24006,京王井の頭線
2400604,2400604,池ノ上,2400605,2400605,下北沢,2,24006,京王井の頭線
2400605,2400605,下北沢,2400606,2400606,新代田,1,24006,京王井の頭線
2400606,2400606,新代田,2400607,2400607,東松原,1,24006,京王井の頭線
2400607,2400607,東松原,2400608,2400106,明大前,1,24006,京王井の頭線
2400608,2400106,明大前,2400609,2400609,永福町,2,24006,京王井の頭線
2400609,2400609,永福町,2400610,2400610,西永福,1,24006,京王井の頭線
2400610,2400610,西永福,2400611,2400611,浜田山,1,24006,京王井の頭線
2400611,2400611,浜田山,2400612,2400612,高井戸,1,24006,京王井の頭線
2400612,2400612,高井戸,2400613,2400613,富士見ヶ丘,2,24006,京王井の頭線
2400613,2400613,富士見ヶ丘,2400614,2400614,久我山,1,24006,京王井の頭線
2400614,2400614,久我山,2400615,2400615,三鷹台,1,24006,京王井の頭線
2400615,2400615,三鷹台,2400616,2400616,井の頭公園,2,24006,京王井の頭線
2400616,2400616,井の頭公園,2400617,1131104,吉祥寺,3,24006,京王井の頭線
2400701,1130208,新線新宿,2400702,2400102,初台,9,24007,京王新線
2400702,2400102,初台,2400703,2400103,幡ヶ谷,1,24007,京王新線
2400703,2400103,幡ヶ谷,2400704,2400104,笹塚,2,24007,京王新線
2500101,1130208,新宿,2500102,2500102,南新宿,1,25001,小田急小田原線
2500102,2500102,南新宿,2500103,2500103,参宮橋,1,25001,小田急小田原線
2500103,2500103,参宮橋,2500104,2500104,代々木八幡,2,25001,小田急小田原線
2500104,2500104,代々木八幡,2500105,2500105,代々木上原,2,25001,小田急小田原線
2500105,2500105,代々木上原,2500106,2500106,東北沢,1,25001,小田急小田原線
2500106,2500106,東北沢,2500107,2400605,下北沢,1,25001,小田急小田原線
2500107,2400605,下北沢,2500108,2500108,世田谷代田,1,25001,小田急小田原線
2500108,2500108,世田谷代田,2500109,2500109,梅ヶ丘,1,25001,小田急小田原線
2500109,2500109,梅ヶ丘,2500110,2500110,豪徳寺,1,25001,小田急小田原線
2500110,2500110,豪徳寺,2500111,2500111,経堂,2,25001,小田急小田原線
2500111,2500111,経堂,2500112,2500112,千歳船橋,2,25001,小田急小田原線
2500112,2500112,千歳船橋,2500113,2500113,祖師ヶ谷大蔵,1,25001,小田急小田原線
2500113,2500113,祖師ヶ谷大蔵,2500114,2500114,成城学園前,1,25001,小田急小田原線
2500114,2500114,成城学園前,2500115,2500115,喜多見,1,25001,小田急小田原線
2500115,2500115,喜多見,2500116,2500116,狛江,1,25001,小田急小田原線
2500116,2500116,狛江,2500117,2500117,和泉多摩川,1,25001,小田急小田原線
2500125,2500125,鶴川,2500126,2500126,玉川学園前,3,25001,小田急小田原線
2500126,2500126,玉川学園前,2500127,1130611,町田,3,25001,小田急小田原線
2500306,2400207,小田急永山,2500307,2400208,小田急多摩センター,2,25003,小田急多摩線
2500307,2400208,小田急多摩センター,2500308,2500308,唐木田,2,25003,小田急多摩線
2600101,1130205,渋谷,2600102,2600102,代官山,3,26001,東急東横線
2600102,2600102,代官山,2600103,2600103,中目黒,1,26001,東急東横線
2600103,2600103,中目黒,2600104,2600104,祐天寺,1,26001,東急東横線
2600104,2600104,祐天寺,2600105,2600105,学芸大学,1,26001,東急東横線
2600105,2600105,学芸大学,2600106,2600106,都立大学,2,26001,東急東横線
2600106,2600106,都立大学,2600107,2600107,自由が丘,2,26001,東急東横線
2600107,2600107,自由が丘,2600108,2600108,田園調布,2,26001,東急東横線
2600108,2600108,田園調布,2600109,2600109,多摩川,2,26001,東急東横線
2600201,1130203,目黒,2600202,2600202,不動前,2,26002,東急目黒線
2600202,2600202,不動前,2600203,2600203,武蔵小山,2,26002,東急目黒線
2600203,2600203,武蔵小山,2600204,2600204,西小山,1,26002,東急目黒線
2600204,2600204,西小山,2600205,2600205,洗足,1,26002,東急目黒線
2600205,2600205,洗足,2600206,2600206,大岡山,2,26002,東急目黒線
2600206,2600206,大岡山,2600207,2600207,奥沢,2,26002,東急目黒線
2600207,2600207,奥沢,2600208,2600108,田園調布,2,26002,東急目黒線
2600208,2600108,田園調布,2600209,2600109,多摩川,2,26002,東急目黒線
2600301,1130205,渋谷,2600302,2600302,池尻大橋,3,26003,東急田園都市線
2600302,2600302,池尻大橋,2600303,2600303,三軒茶屋,2,26003,東急田園都市線
2600303,2600303,三軒茶屋,2600304,2600304,駒沢大学,2,26003,東急田園都市線
2600304,2600304,駒沢大学,2600305,2600305,桜新町,3,26003,東急田園都市線
2600305,2600305,桜新町,2600306,2600306,用賀,2,26003,東急田園都市線
2600306,2600306,用賀,2600307,2600307,二子玉川,3,26003,東急田園都市線
2600323,2600323,つくし野,2600324,2600324,すずかけ台,2,26003,東急田園都市線
2600324,2600324,すずかけ台,2600325,2600325,南町田グランベリーパーク,1,26003,東急田園都市線
2600401,1133228,大井町,2600402,2600402,下神明,1,26004,東急大井町線
2600402,2600402,下神明,2600403,2600403,戸越公園,1,26004,東急大井町線
2600403,2600403,戸越公園,2600404,2600404,中延,1,26004,東急大井町線
2600404,2600404,中延,2600405,2600405,荏原町,1,26004,東急大井町線
2600405,2600405,荏原町,2600406,2600406,旗の台,1,26004,東急大井町線
2600406,2600406,旗の台,2600407,2600407,北千束,2,26004,東急大井町線
2600407,2600407,北千束,2600408,2600206,大岡山,1,26004,東急大井町線
2600408,2600206,大岡山,2600409,2600409,緑が丘,1,26004,東急大井町線
2600409,2600409,緑が丘,2600410,2600107,自由が丘,2,26004,東急大井町線
2600410,2600107,自由が丘,2600411,2600411,九品仏,1,26004,東急大井町線
2600411,2600411,九品仏,2600412,2600412,尾山台,2,26004,東急大井町線
2600412,2600412,尾山台,2600413,2600413,等々力,1,26004,東急大井町線
2600413,2600413,等々力,2600414,2600414,上野毛,2,26004,東急大井町線
2600414,2600414,上野毛,2600415,2600307,二子玉川,2,26004,東急大井町線
2600501,1130202,五反田,2600502,2600502,大崎広小路,1,26005,東急池上線
2600502,2600502,大崎広小路,2600503,2600503,戸越銀座,2,26005,東急池上線
2600503,2600503,戸越銀座,2600504,2600504,荏原中延,2,26005,東急池上線
2600504,2600504,荏原中延,2600505,2600406,旗の台,1,26005,東急池上線
2600505,2600406,旗の台,2600506,2600506,長原,2,26005,東急池上線
2600506,2600506,長原,2600507,2600507,洗足池,1,26005,東急池上線
2600507,2600507,洗足池,2600508,2600508,石川台,1,26005,東急池上線
2600508,2600508,石川台,2600509,2600509,雪が谷大塚,2,26005,東急池上線
2600509,2600509,雪が谷大塚,2600510,2600510,御嶽山,1,26005,東急池上線
2600510,2600510,御嶽山,2600511,2600511,久が原,2,26005,東急池上線
2600511,2600511,久が原,2600512,2600512,千鳥町,1,26005,東急池上線
2600512,2600512,千鳥町,2600513,2600513,池上,2,26005,東急池上線
2600513,2600513,池上,2600514,2600514,蓮沼,2,26005,東急池上線
2600514,2600514,蓮沼,2600515,1133230,蒲田,2,26005,東急池上線
2600601,2600109,多摩川,2600602,2600602,沼部,2,26006,東急多摩川線
2600602,2600602,沼部,2600603,2600603,鵜の木,1,26006,東急多摩川線
2600603,2600603,鵜の木,2600604,2600604,下丸子,2,26006,東急多摩川線
2600604,2600604,下丸子,2600605,2600605,武蔵新田,1,26006,東急多摩川線
2600605,2600605,武蔵新田,2600606,2600606,矢口渡,2,26006,東急多摩川線
2600606,2600606,矢口渡,2600607,1133230,蒲田,3,26006,東急多摩川線
2600701,2600303,三軒茶屋,2600702,2600702,西太子堂,1,26007,東急世田谷線
2600702,2600702,西太子堂,2600703,2600703,若林,2,26007,東急世田谷線
2600703,2600703,若林,2600704,2600704,松陰神社前,2,26007,東急世田谷線
2600704,2600704,松陰神社前,2600705,2600705,世田谷,1,26007,東急世田谷線
2600705,2600705,世田谷,2600706,2600706,上町,1,26007,東急世田谷線
2600706,2600706,上町,2600707,2600707,宮の坂,2,26007,東急世田谷線
2600707,2600707,宮の坂,2600708,2500110,山下,4,26007,東急世田谷線
2600708,2500110,山下,2600709,2600709,松原,10,26007,東急世田谷線
2600709,2600709,松原,2600710,2400107,下高井戸,3,26007,東急世田谷線
2700101,2700101,泉岳寺,2700102,1130103,品川,2,27001,京急本線
2700102,1130103,品川,2700103,2700103,北品川,2,27001,京急本線
2700103,2700103,北品川,2700104,2700104,新馬場,1,27001,京急本線
2700104,2700104,新馬場,2700105,2700105,青物横丁,1,27001,京急本線
2700105,2700105,青物横丁,2700106,2700106,鮫洲,1,27001,京急本線
2700106,2700106,鮫洲,2700107,2700107,立会川,2,27001,京急本線
2700107,2700107,立会川,2700108,2700108,大森海岸,1,27001,京急本線
2700108,2700108,大森海岸,2700109,2700109,平和島,1,27001,京急本線
2700109,2700109,平和島,2700110,2700110,大森町,1,27001,京急本線
2700110,2700110,大森町,2700111,2700111,梅屋敷,1,27001,京急本線
2700111,2700111,梅屋敷,2700112,2700112,京急蒲田,1,27001,京急本線
2700112,2700112,京急蒲田,2700113,2700113,雑色,1,27001,京急本線
2700113,2700113,雑色,2700114,2700114,六郷土手,2,27001,京急本線
2700201,2700112,京急蒲田,2700202,2700202,糀谷,1,27002,京急空港線
2700202,2700202,糀谷,2700203,2700203,大鳥居,1,27002,京急空港線
2700203,2700203,大鳥居,2700204,2700204,穴守稲荷,0,27002,京急空港線
2700204,2700204,穴守稲荷,2700205,2700205,天空橋,1,27002,京急空港線
2700205,2700205,天空橋,2700207,2700207,羽田空港第三ターミナル,2,27002,京急空港線
2700207,2700207,羽田空港第三ターミナル,2700206,2700206,羽田空港第一・第二ターミナル,14,27002,京急空港線
2800101,2100201,浅草,2800102,2800102,田原町,1,28001,東京メトロ銀座線
2800102,2800102,田原町,2800103,2800103,稲荷町,1,28001,東京メトロ銀座線
2800103,2800103,稲荷町,2800104,1130220,上野,2,28001,東京メトロ銀座線
2800104,1130220,上野,2800105,1130221,上野広小路,2,28001,東京メトロ銀座線
2800105,1130221,上野広小路,2800106,2800106,末広町,1,28001,東京メトロ銀座線
2800106,2800106,末広町,2800107,1130223,神田,1,28001,東京メトロ銀座線
2800107,1130223,神田,2800108,1131402,三越前,1,28001,東京メトロ銀座線
2800108,1131402,三越前,2800109,2800109,日本橋,2,28001,東京メトロ銀座線
2800109,2800109,日本橋,2800110,2800110,京橋,27,28001,東京メトロ銀座線
2800110,2800110,京橋,2800111,2800111,銀座,30,28001,東京メトロ銀座線
2800111,2800111,銀座,2800112,1130102,新橋,1,28001,東京メトロ銀座線
2800112,1130102,新橋,2800113,2800113,虎ノ門,1,28001,東京メトロ銀座線
2800113,2800113,虎ノ門,2800114,2800114,溜池山王,1,28001,東京メトロ銀座線
2800114,2800114,溜池山王,2800115,2800115,赤坂見附,2,28001,東京メトロ銀座線
2800115,2800115,赤坂見附,2800116,2800116,青山一丁目,2,28001,東京メトロ銀座線
2800116,2800116,青山一丁目,2800117,2800117,外苑前,1,28001,東京メトロ銀座線
2800117,2800117,外苑前,2800118,2800118,表参道,1,28001,東京メトロ銀座線
2800118,2800118,表参道,2800119,1130205,渋谷,2,28001,東京メトロ銀座線
2800201,1130212,池袋,2800202,2800202,新大塚,3,28002,東京メトロ丸ノ内線
2800202,2800202,新大塚,2800203,2800203,茗荷谷,2,28002,東京メトロ丸ノ内線
2800203,2800203,茗荷谷,2800204,2800204,後楽園,2,28002,東京メトロ丸ノ内線
2800204,2800204,後楽園,2800205,2800205,本郷三丁目,1,28002,東京メトロ丸ノ内線
2800205,2800205,本郷三丁目,2800206,1131203,御茶ノ水,1,28002,東京メトロ丸ノ内線
2800206,1131203,御茶ノ水,2800207,1131203,淡路町,2,28002,東京メトロ丸ノ内線
2800207,1131203,淡路町,2800208,2800208,大手町,2,28002,東京メトロ丸ノ内線
2800208,2800208,大手町,2800209,1130101,東京,1,28002,東京メトロ丸ノ内線
2800209,1130101,東京,2800210,2800111,銀座,2,28002,東京メトロ丸ノ内線
2800210,2800111,銀座,2800211,2800211,霞ケ関,2,28002,東京メトロ丸ノ内線
2800211,2800211,霞ケ関,2800212,2800212,国会議事堂前,2,28002,東京メトロ丸ノ内線
2800212,2800212,国会議事堂前,2800213,2800115,赤坂見附,2,28002,東京メトロ丸ノ内線
2800213,2800115,赤坂見附,2800214,1131102,四ツ谷,2,28002,東京メトロ丸ノ内線
2800214,1131102,四ツ谷,2800215,2800215,四谷三丁目,2,28002,東京メトロ丸ノ内線
2800215,2800215,四谷三丁目,2800216,2800216,新宿御苑前,1,28002,東京メトロ丸ノ内線
2800216,2800216,新宿御苑前,2800217,2800217,新宿三丁目,2,28002,東京メトロ丸ノ内線
2800217,2800217,新宿三丁目,2800218,1130208,新宿,1,28002,東京メトロ丸ノ内線
2800218,1130208,新宿,2800219,2800219,西新宿,6,28002,東京メトロ丸ノ内線
2800219,2800219,西新宿,2800220,2800220,中野坂上,1,28002,東京メトロ丸ノ内線
2800220,2800220,中野坂上,2800221,2800221,新中野,1,28002,東京メトロ丸ノ内線
2800220,2800220,中野坂上,2800226,2800226,中野新橋,2,28002,東京メトロ丸ノ内線
2800221,2800221,新中野,2800222,2800222,東高円寺,1,28002,東京メトロ丸ノ内線
2800222,2800222,東高円寺,2800223,2800223,新高円寺,1,28002,東京メトロ丸ノ内線
2800223,2800223,新高円寺,2800224,2800224,南阿佐ケ谷,2,28002,東京メトロ丸ノ内線
2800224,2800224,南阿佐ケ谷,2800225,1131217,荻窪,3,28002,東京メトロ丸ノ内線
2800226,2800226,中野新橋,2800227,2800227,中野富士見町,1,28002,東京メトロ丸ノ内線
2800227,2800227,中野富士見町,2800228,2800228,方南町,2,28002,東京メトロ丸ノ内線
2800301,1132005,北千住,2800302,1132004,南千住,3,28003,東京メトロ日比谷線
2800302,1132004,南千住,2800303,2800303,三ノ輪,1,28003,東京メトロ日比谷線
2800303,2800303,三ノ輪,2800304,2800304,入谷,1,28003,東京メトロ日比谷線
2800304,2800304,入谷,2800305,1130220,上野,1,28003,東京メトロ日比谷線
2800305,1130220,上野,2800306,1130221,仲御徒町,1,28003,東京メトロ日比谷線
2800306,1130221,仲御徒町,2800307,1130222,秋葉原,2,28003,東京メトロ日比谷線
2800307,1130222,秋葉原,2800308,2800308,小伝馬町,2,28003,東京メトロ日比谷線
2800308,2800308,小伝馬町,2800309,2800309,人形町,1,28003,東京メトロ日比谷線
2800309,2800309,人形町,2800310,2800310,茅場町,2,28003,東京メトロ日比谷線
2800310,2800310,茅場町,2800311,1132602,八丁堀,1,28003,東京メトロ日比谷線
2800311,1132602,八丁堀,2800312,2800312,築地,1,28003,東京メトロ日比谷線
2800312,2800312,築地,2800313,2800313,東銀座,1,28003,東京メトロ日比谷線
2800313,2800313,東銀座,2800314,2800111,銀座,1,28003,東京メトロ日比谷線
2800314,2800111,銀座,2800315,1130225,日比谷,0,28003,東京メトロ日比谷線
2800315,1130225,日比谷,2800316,2800211,霞ケ関,1,28003,東京メトロ日比谷線
2800316,2800211,霞ケ関,2800322,2800113,虎ノ門ヒルズ,1,28003,東京メトロ日比谷線
2800317,2800317,神谷町,2800318,2800318,六本木,3,28003,東京メトロ日比谷線
2800318,2800318,六本木,2800319,2800319,広尾,3,28003,東京メトロ日比谷線
2800319,2800319,広尾,2800320,1130204,恵比寿,3,28003,東京メトロ日比谷線
2800320,1130204,恵比寿,2800321,2600103,中目黒,2,28003,東京メトロ日比谷線
2800322,2800113,虎ノ門ヒルズ,2800317,2800317,神谷町,1,28003,東京メトロ日比谷線
2800401,1131214,中野,2800402,2800402,落合,3,28004,東京メトロ東西線
2800402,2800402,落合,2800403,1130210,高田馬場,3,28004,東京メトロ東西線
2800403,1130210,高田馬場,2800404,2800404,早稲田,2,28004,東京メトロ東西線
2800404,2800404,早稲田,2800405,2800405,神楽坂,2,28004,東京メトロ東西線
2800405,2800405,神楽坂,2800406,1131316,飯田橋,2,28004,東京メトロ東西線
2800406,1131316,飯田橋,2800407,2800407,九段下,1,28004,東京メトロ東西線
2800407,2800407,九段下,2800408,2800408,竹橋,1,28004,東京メトロ東西線
2800408,2800408,竹橋,2800409,2800208,大手町,2,28004,東京メトロ東西線
2800409,2800208,大手町,2800410,2800109,日本橋,1,28004,東京メトロ東西線
2800410,2800109,日本橋,2800411,2800310,茅場町,1,28004,東京メトロ東西線
2800411,2800310,茅場町,2800412,2800412,門前仲町,2,28004,東京メトロ東西線
2800412,2800412,門前仲町,2800413,2800413,木場,1,28004,東京メトロ東西線
2800413,2800413,木場,2800414,2800414,東陽町,2,28004,東京メトロ東西線
2800414,2800414,東陽町,2800415,2800415,南砂町,2,28004,東京メトロ東西線
2800415,2800415,南砂町,2800416,2800416,西葛西,3,28004,東京メトロ東西線
2800416,2800416,西葛西,2800417,2800417,葛西,2,28004,東京メトロ東西線
2800501,2800501,北綾瀬,2800502,1132006,綾瀬,4,28005,東京メトロ千代田線
2800502,1132006,綾瀬,2800503,1132005,北千住,3,28005,東京メトロ千代田線
2800503,1132005,北千住,2800504,2300104,町屋,3,28005,東京メトロ千代田線
2800504,2300104,町屋,2800505,1130217,西日暮里,2,28005,東京メトロ千代田線
2800505,1130217,西日暮里,2800506,2800506,千駄木,1,28005,東京メトロ千代田線
2800506,2800506,千駄木,2800507,2800507,根津,1,28005,東京メトロ千代田線
2800507,2800507,根津,2800508,2800508,湯島,1,28005,東京メトロ千代田線
2800508,2800508,湯島,2800509,1131203,新御茶ノ水,1,28005,東京メトロ千代田線
2800509,1131203,新御茶ノ水,2800510,2800208,大手町,2,28005,東京メトロ千代田線
2800510,2800208,大手町,2800511,2800511,二重橋前,1,28005,東京メトロ千代田線
2800511,2800511,二重橋前,2800512,1130225,日比谷,1,28005,東京メトロ千代田線
2800512,1130225,日比谷,2800513,2800211,霞ケ関,1,28005,東京メトロ千代田線
2800513,2800211,霞ケ関,2800514,2800212,国会議事堂前,2,28005,東京メトロ千代田線
2800514,2800212,国会議事堂前,2800515,2800515,赤坂,1,28005,東京メトロ千代田線
2800515,2800515,赤坂,2800516,2800516,乃木坂,2,28005,東京メトロ千代田線
2800516,2800516,乃木坂,2800517,2800118,表参道,2,28005,東京メトロ千代田線
2800517,2800118,表参道,2800518,1130206,明治神宮前〈原宿〉,1,28005,東京メトロ千代田線
2800518,1130206,明治神宮前〈原宿〉,2800519,2500104,代々木公園,1,28005,東京メトロ千代田線
2800519,2500104,代々木公園,2800520,2500105,代々木上原,1,28005,東京メトロ千代田線
2800602,2100110,地下鉄成増,2800603,2100109,地下鉄赤塚,2,28006,東京メトロ有楽町線
2800603,2100109,地下鉄赤塚,2800604,2800604,平和台,2,28006,東京メトロ有楽町線
2800604,2800604,平和台,2800605,2800605,氷川台,2,28006,東京メトロ有楽町線
2800605,2800605,氷川台,2800606,2200301,小竹向原,2,28006,東京メトロ有楽町線
2800606,2200301,小竹向原,2800607,2800607,千川,2,28006,東京メトロ有楽町線
2800607,2800607,千川,2800608,2800608,要町,2,28006,東京メトロ有楽町線
2800608,2800608,要町,2800609,1130212,池袋,1,28006,東京メトロ有楽町線
2800609,1130212,池袋,2800610,2800610,東池袋,2,28006,東京メトロ有楽町線
2800610,2800610,東池袋,2800611,2800611,護国寺,1,28006,東京メトロ有楽町線
2800611,2800611,護国寺,2800612,2800612,江戸川橋,2,28006,東京メトロ有楽町線
2800612,2800612,江戸川橋,2800613,1131316,飯田橋,3,28006,東京メトロ有楽町線
2800613,1131316,飯田橋,2800614,1131315,市ケ谷,1,28006,東京メトロ有楽町線
2800614,1131315,市ケ谷,2800615,2800615,麹町,2,28006,東京メトロ有楽町線
2800615,2800615,麹町,2800616,2800115,永田町,2,28006,東京メトロ有楽町線
2800616,2800115,永田町,2800617,2800617,桜田門,2,28006,東京メトロ有楽町線
2800617,2800617,桜田門,2800618,1130225,有楽町,1,28006,東京メトロ有楽町線
2800618,1130225,有楽町,2800619,2800111,銀座一丁目,1,28006,東京メトロ有楽町線
2800619,2800111,銀座一丁目,2800620,2800312,新富町,1,28006,東京メトロ有楽町線
2800620,2800312,新富町,2800621,2800621,月島,2,28006,東京メトロ有楽町線
2800621,2800621,月島,2800622,2800622,豊洲,2,28006,東京メトロ有楽町線
2800622,2800622,豊洲,2800623,2800623,辰巳,2,28006,東京メトロ有楽町線
2800623,2800623,辰巳,2800624,1132605,新木場,2,28006,東京メトロ有楽町線
2800801,1130205,渋谷,2800802,2800118,表参道,2,28008,東京メトロ半蔵門線
2800802,2800118,表参道,2800803,2800116,青山一丁目,3,28008,東京メトロ半蔵門線
2800803,2800116,青山一丁目,2800804,2800115,永田町,2,28008,東京メトロ半蔵門線
2800804,2800115,永田町,2800805,2800805,半蔵門,2,28008,東京メトロ半蔵門線
2800805,2800805,半蔵門,2800806,2800407,九段下,2,28008,東京メトロ半蔵門線
2800806,2800407,九段下,2800807,2800807,神保町,1,28008,東京メトロ半蔵門線
2800807,2800807,神保町,2800808,2800208,大手町,3,28008,東京メトロ半蔵門線
2800808,2800208,大手町,2800809,1131402,三越前,1,28008,東京メトロ半蔵門線
2800809,1131402,三越前,2800810,2800309,水天宮前,2,28008,東京メトロ半蔵門線
2800810,2800309,水天宮前,2800811,2800811,清澄白河,2,28008,東京メトロ半蔵門線
2800811,2800811,清澄白河,2800814,2800814,住吉,3,28008,東京メトロ半蔵門線
2800812,1131322,錦糸町,2800813,2100203,押上〈スカイツリー前〉,13,28008,東京メトロ半蔵門線
2800814,2800814,住吉,2800812,1131322,錦糸町,1,28008,東京メトロ半蔵門線
2800901,2800901,赤羽岩淵,2800902,2800902,志茂,2,28009,東京メトロ南北線
2800902,2800902,志茂,2800903,2800903,王子神谷,2,28009,東京メトロ南北線
2800903,2800903,王子神谷,2800904,1133212,王子,2,28009,東京メトロ南北線
2800904,1133212,王子,2800905,2800905,西ケ原,1,28009,東京メトロ南北線
2800905,2800905,西ケ原,2800906,1130215,駒込,2,28009,東京メトロ南北線
2800906,1130215,駒込,2800907,2800907,本駒込,2,28009,東京メトロ南北線
2800907,2800907,本駒込,2800908,2800908,東大前,1,28009,東京メトロ南北線
2800908,2800908,東大前,2800909,2800204,後楽園,3,28009,東京メトロ南北線
2800909,2800204,後楽園,2800910,1131316,飯田橋,2,28009,東京メトロ南北線
2800910,1131316,飯田橋,2800911,1131315,市ケ谷,1,28009,東京メトロ南北線
2800911,1131315,市ケ谷,2800912,1131102,四ツ谷,1,28009,東京メトロ南北線
2800912,1131102,四ツ谷,2800913,2800115,永田町,2,28009,東京メトロ南北線
2800913,2800115,永田町,2800914,2800114,溜池山王,1,28009,東京メトロ南北線
2800914,2800114,溜池山王,2800915,2800915,六本木一丁目,2,28009,東京メトロ南北線
2800915,2800915,六本木一丁目,2800916,2800916,麻布十番,1,28009,東京メトロ南北線
2800916,2800916,麻布十番,2800917,2800917,白金高輪,2,28009,東京メトロ南北線
2800917,2800917,白金高輪,2800918,2800918,白金台,2,28009,東京メトロ南北線
2800918,2800918,白金台,2800919,1130203,目黒,2,28009,東京メトロ南北線
2801002,2100110,地下鉄成増,2801003,2100109,地下鉄赤塚,2,28010,東京メトロ副都心線
2801003,2100109,地下鉄赤塚,2801004,2800604,平和台,2,28010,東京メトロ副都心線
2801004,2800604,平和台,2801005,2800605,氷川台,2,28010,東京メトロ副都心線
2801005,2800605,氷川台,2801006,2200301,小竹向原,2,28010,東京メトロ副都心線
2801006,2200301,小竹向原,2801007,2800607,千川,2,28010,東京メトロ副都心線
2801007,2800607,千川,2801008,2800608,要町,2,28010,東京メトロ副都心線
2801008,2800608,要町,2801009,1130212,池袋,1,28010,東京メトロ副都心線
2801009,1130212,池袋,2801010,2801010,雑司が谷,2,28010,東京メトロ副都心線
2801010,2801010,雑司が谷,2801011,2801011,西早稲田,1,28010,東京メトロ副都心線
2801011,2801011,西早稲田,2801012,2801012,東新宿,2,28010,東京メトロ副都心線
2801012,2801012,東新宿,2801013,2800217,新宿三丁目,2,28010,東京メトロ副都心線
2801013,2800217,新宿三丁目,2801014,2801014,北参道,2,28010,東京メトロ副都心線
2801014,2801014,北参道,2801015,1130206,明治神宮前〈原宿〉,2,28010,東京メトロ副都心線
2801015,1130206,明治神宮前〈原宿〉,2801016,1130205,渋谷,2,28010,東京メトロ副都心線
9930101,9930101,都庁前,9930102,9930102,新宿西口,1,99301,都営大江戸線
9930101,9930101,都庁前,9930129,9930129,西新宿五丁目,2,99301,都営大江戸線
9930102,9930102,新宿西口,9930103,2801012,東新宿,2,99301,都営大江戸線
9930103,2801012,東新宿,9930104,9930104,若松河田,2,99301,都営大江戸線
9930104,9930104,若松河田,9930105,9930105,牛込柳町,1,99301,都営大江戸線
9930105,9930105,牛込柳町,9930106,9930106,牛込神楽坂,2,99301,都営大江戸線
9930106,9930106,牛込神楽坂,9930107,1131316,飯田橋,2,99301,都営大江戸線
9930107,1131316,飯田橋,9930108,9930108,春日,2,99301,都営大江戸線
9930108,9930108,春日,9930109,2800205,本郷三丁目,1,99301,都営大江戸線
9930109,2800205,本郷三丁目,9930110,1130221,上野御徒町,2,99301,都営大江戸線
9930110,1130221,上野御徒町,9930111,9930111,新御徒町,1,99301,都営大江戸線
9930111,9930111,新御徒町,9930112,9930112,蔵前,1,99301,都営大江戸線
9930112,9930112,蔵前,9930113,1131321,両国,12,99301,都営大江戸線
9930113,1131321,両国,9930114,9930114,森下,11,99301,都営大江戸線
9930114,9930114,森下,9930115,2800811,清澄白河,1,99301,都営大江戸線
9930115,2800811,清澄白河,9930116,2800412,門前仲町,2,99301,都営大江戸線
9930116,2800412,門前仲町,9930117,2800621,月島,1,99301,都営大江戸線
9930117,2800621,月島,9930118,9930118,勝どき,1,99301,都営大江戸線
9930118,9930118,勝どき,9930119,9930119,築地市場,2,99301,都営大江戸線
9930119,9930119,築地市場,9930120,9930120,汐留,2,99301,都営大江戸線
9930120,9930120,汐留,9930121,9930121,大門,1,99301,都営大江戸線
9930121,9930121,大門,9930122,9930122,赤羽橋,2,99301,都営大江戸線
9930122,9930122,赤羽橋,9930123,2800916,麻布十番,1,99301,都営大江戸線
9930123,2800916,麻布十番,9930124,2800318,六本木,2,99301,都営大江戸線
9930124,2800318,六本木,9930125,2800116,青山一丁目,2,99301,都営大江戸線
9930125,2800116,青山一丁目,9930126,9930126,国立競技場,2,99301,都営大江戸線
9930126,9930126,国立競技場,9930127,1130207,代々木,2,99301,都営大江戸線
9930127,1130207,代々木,9930128,1130208,新宿,2,99301,都営大江戸線
9930128,1130208,新宿,9930101,9930101,都庁前,2,99301,都営大江戸線
9930129,9930129,西新宿五丁目,9930130,2800220,中野坂上,2,99301,都営大江戸線
9930130,2800220,中野坂上,9930131,1131308,東中野,1,99301,都営大江戸線
9930131,1131308,東中野,9930132,2200704,中井,1,99301,都営大江戸線
9930132,2200704,中井,9930133,9930133,落合南長崎,2,99301,都営大江戸線
9930133,9930133,落合南長崎,9930134,9930134,新江古田,2,99301,都営大江戸線
9930134,9930134,新江古田,9930135,2200106,練馬,2,99301,都営大江戸線
9930135,2200106,練馬,9930136,2200402,豊島園,3,99301,都営大江戸線
9930136,2200402,豊島園,9930137,9930137,練馬春日町,19,99301,都営大江戸線
9930137,9930137,練馬春日町,9930138,9930138,光が丘,2,99301,都営大江戸線
9930201,9930201,西馬込,9930202,9930202,馬込,2,99302,都営浅草線
9930202,9930202,馬込,9930203,2600404,中延,2,99302,都営浅草線
9930203,2600404,中延,9930204,2600503,戸越,1,99302,都営浅草線
9930204,2600503,戸越,9930205,1130202,五反田,2,99302,都営浅草線
9930205,1130202,五反田,9930206,9930206,高輪台,1,99302,都営浅草線
9930206,9930206,高輪台,9930207,2700101,泉岳寺,2,99302,都営浅草線
9930207,2700101,泉岳寺,9930208,9930208,三田,2,99302,都営浅草線
9930208,9930208,三田,9930209,9930121,大門,2,99302,都営浅草線
9930209,9930121,大門,9930210,1130102,新橋,1,99302,都営浅草線
9930210,1130102,新橋,9930211,2800313,東銀座,1,99302,都営浅草線
9930211,2800313,東銀座,9930212,2800110,宝町,1,99302,都営浅草線
9930212,2800110,宝町,9930213,2800109,日本橋,1,99302,都営浅草線
9930213,2800109,日本橋,9930214,2800309,人形町,2,99302,都営浅草線
9930214,2800309,人形町,9930215,1131403,東日本橋,1,99302,都営浅草線
9930215,1131403,東日本橋,9930216,1131320,浅草橋,1,99302,都営浅草線
9930216,1131320,浅草橋,9930217,9930112,蔵前,1,99302,都営浅草線
9930217,9930112,蔵前,9930218,2100201,浅草,1,99302,都営浅草線
9930218,2100201,浅草,9930219,9930219,本所吾妻橋,1,99302,都営浅草線
9930219,9930219,本所吾妻橋,9930220,2100203,押上（スカイツリー前）,9,99302,都営浅草線
9930301,1130203,目黒,9930302,2800918,白金台,2,99303,都営三田線
9930302,2800918,白金台,9930303,2800917,白金高輪,2,99303,都営三田線
9930303,2800917,白金高輪,9930304,9930208,三田,3,99303,都営三田線
9930304,9930208,三田,9930305,9930305,芝公園,1,99303,都営三田線
9930305,9930305,芝公園,9930306,9930306,御成門,1,99303,都営三田線
9930306,9930306,御成門,9930307,9930307,内幸町,1,99303,都営三田線
9930307,9930307,内幸町,9930308,1130225,日比谷,1,99303,都営三田線
9930308,1130225,日比谷,9930309,2800208,大手町,3,99303,都営三田線
9930309,2800208,大手町,9930310,2800807,神保町,2,99303,都営三田線
9930310,2800807,神保町,9930311,1131317,水道橋,1,99303,都営三田線
9930311,1131317,水道橋,9930312,9930108,春日,1,99303,都営三田線
9930312,9930108,春日,9930313,9930313,白山,2,99303,都営三田線
9930313,9930313,白山,9930314,9930314,千石,2,99303,都営三田線
9930314,9930314,千石,9930315,1130214,巣鴨,2,99303,都営三田線
9930315,1130214,巣鴨,9930316,9930316,西巣鴨,2,99303,都営三田線
9930316,9930316,西巣鴨,9930317,9930317,新板橋,2,99303,都営三田線
9930317,9930317,新板橋,9930318,9930318,板橋区役所前,2,99303,都営三田線
9930318,9930318,板橋区役所前,9930319,9930319,板橋本町,2,99303,都営三田線
9930319,9930319,板橋本町,9930320,9930320,本蓮沼,1,99303,都営三田線
9930320,9930320,本蓮沼,9930321,9930321,志村坂上,1,99303,都営三田線
9930321,9930321,志村坂上,9930322,9930322,志村三丁目,1,99303,都営三田線
9930322,9930322,志村三丁目,9930323,9930323,蓮根,1,99303,都営三田線
9930323,9930323,蓮根,9930324,9930324,西台,1,99303,都営三田線
9930324,9930324,西台,9930325,9930325,高島平,1,99303,都営三田線
9930325,9930325,高島平,9930326,9930326,新高島平,1,99303,都営三田線
9930326,9930326,新高島平,9930327,9930327,西高島平,2,99303,都営三田線
9930401,1130208,新宿,9930402,2800217,新宿三丁目,1,99304,都営新宿線
9930402,2800217,新宿三丁目,9930403,9930403,曙橋,2,99304,都営新宿線
9930403,9930403,曙橋,9930404,1131315,市ヶ谷,2,99304,都営新宿線
9930404,1131315,市ヶ谷,9930405,2800407,九段下,2,99304,都営新宿線
9930405,2800407,九段下,9930406,2800807,神保町,1,99304,都営新宿線
9930406,2800807,神保町,9930407,2800207,小川町,2,99304,都営新宿線
9930407,2800207,小川町,9930408,9930408,岩本町,2,99304,都営新宿線
9930408,9930408,岩本町,9930409,1131403,馬喰横山,1,99304,都営新宿線
9930409,1131403,馬喰横山,9930410,9930410,浜町,1,99304,都営新宿線
9930410,9930410,浜町,9930411,9930114,森下,1,99304,都営新宿線
9930411,9930114,森下,9930412,9930412,菊川,1,99304,都営新宿線
9930412,9930412,菊川,9930413,2800814,住吉,2,99304,都営新宿線
9930413,2800814,住吉,9930414,9930414,西大島,1,99304,都営新宿線
9930414,9930414,西大島,9930415,9930415,大島,1,99304,都営新宿線
9930415,9930415,大島,9930416,9930416,東大島,2,99304,都営新宿線
9930416,9930416,東大島,9930417,9930417,船堀,2,99304,都営新宿線
9930417,9930417,船堀,9930418,9930418,一之江,2,99304,都営新宿線
9930418,9930418,一之江,9930419,9930419,瑞江,2,99304,都営新宿線
9930419,9930419,瑞江,9930420,9930420,篠崎,2,99304,都営新宿線
9930501,9930501,三ノ輪橋,9930502,9930502,荒川一中前,0,99305,都営都電荒川線
9930502,9930502,荒川一中前,9930503,9930503,荒川区役所前,0,99305,都営都電荒川線
9930503,9930503,荒川区役所前,9930504,9930504,荒川二丁目,0,99305,都営都電荒川線
9930504,9930504,荒川二丁目,9930505,9930505,荒川七丁目,0,99305,都営都電荒川線
9930505,9930505,荒川七丁目,9930506,2300104,町屋駅前,3,99305,都営都電荒川線
9930506,2300104,町屋駅前,9930507,9930507,町屋二丁目,1,99305,都営都電荒川線
9930507,9930507,町屋二丁目,9930508,9930508,東尾久三丁目,1,99305,都営都電荒川線
9930508,9930508,東尾久三丁目,9930509,9930509,熊野前,3,99305,都営都電荒川線
9930509,9930509,熊野前,9930510,9930510,宮ノ前,0,99305,都営都電荒川線
9930510,9930510,宮ノ前,9930511,9930511,小台,1,99305,都営都電荒川線
9930511,9930511,小台,9930512,9930512,荒川遊園地前,0,99305,都営都電荒川線
9930512,9930512,荒川遊園地前,9930513,9930513,荒川車庫前,5,99305,都営都電荒川線
9930513,9930513,荒川車庫前,9930514,9930514,梶原,1,99305,都営都電荒川線
9930514,9930514,梶原,9930515,9930515,栄町,0,99305,都営都電荒川線
9930515,9930515,栄町,9930516,1133212,王子駅前,3,99305,都営都電荒川線
9930516,1133212,王子駅前,9930517,9930517,飛鳥山,1,99305,都営都電荒川線
9930517,9930517,飛鳥山,9930518,9930518,滝野川一丁目,0,99305,都営都電荒川線
9930518,9930518,滝野川一丁目,9930519,9930519,西ヶ原四丁目,2,99305,都営都電荒川線
9930519,9930519,西ヶ原四丁目,9930520,9930520,新庚申塚,1,99305,都営都電荒川線
9930520,9930520,新庚申塚,9930521,9930521,庚申塚,1,99305,都営都電荒川線
9930521,9930521,庚申塚,9930522,9930522,巣鴨新田,1,99305,都営都電荒川線
9930522,9930522,巣鴨新田,9930523,1130213,大塚駅前,4,99305,都営都電荒川線
9930523,1130213,大塚駅前,9930524,9930524,向原,0,99305,都営都電荒川線
9930524,9930524,向原,9930525,2800610,東池袋四丁目,2,99305,都営都電荒川線
9930525,2800610,東池袋四丁目,9930526,9930526,都電雑司ヶ谷,1,99305,都営都電荒川線
9930526,9930526,都電雑司ヶ谷,9930527,2801010,鬼子母神前,1,99305,都営都電荒川線
9930527,2801010,鬼子母神前,9930528,9930528,学習院下,1,99305,都営都電荒川線
9930528,9930528,学習院下,9930529,9930529,面影橋,1,99305,都営都電荒川線
9930529,9930529,面影橋,9930530,9930530,早稲田,1,99305,都営都電荒川線
9930901,1130222,秋葉原,9930902,9930111,新御徒町,2,99309,首都圏新都市鉄道つくばエクスプレス
9930902,9930111,新御徒町,9930903,9930903,浅草,2,99309,首都圏新都市鉄道つくばエクスプレス
9930903,9930903,浅草,9930904,1132004,南千住,2,99309,首都圏新都市鉄道つくばエクスプレス
9930904,1132004,南千住,9930905,1132005,北千住,2,99309,首都圏新都市鉄道つくばエクスプレス
9930905,1132005,北千住,9930906,9930906,青井,2,99309,首都圏新都市鉄道つくばエクスプレス
9930906,9930906,青井,9930907,9930907,六町,2,99309,首都圏新都市鉄道つくばエクスプレス
9931101,1130102,新橋,9931102,9930120,汐留,1,99311,ゆりかもめ東京臨海新交通臨海線
9931102,9930120,汐留,9931103,9931103,竹芝,3,99311,ゆりかもめ東京臨海新交通臨海線
9931103,9931103,竹芝,9931104,9931104,日の出,1,99311,ゆりかもめ東京臨海新交通臨海線
9931104,9931104,日の出,9931105,9931105,芝浦ふ頭,2,99311,ゆりかもめ東京臨海新交通臨海線
9931105,9931105,芝浦ふ頭,9931106,9931106,お台場海浜公園,6,99311,ゆりかもめ東京臨海新交通臨海線
9931106,9931106,お台場海浜公園,9931107,9931107,台場,1,99311,ゆりかもめ東京臨海新交通臨海線
9931107,9931107,台場,9931108,9931108,東京国際クルーズターミナル,2,99311,ゆりかもめ東京臨海新交通臨海線
9931108,9931108,東京国際クルーズターミナル,9931109,9931109,テレコムセンター,2,99311,ゆりかもめ東京臨海新交通臨海線
9931109,9931109,テレコムセンター,9931110,9931110,青海,2,99311,ゆりかもめ東京臨海新交通臨海線
9931110,9931110,青海,9931111,9931111,東京ビッグサイト,2,99311,ゆりかもめ東京臨海新交通臨海線
9931111,9931111,東京ビッグサイト,9931112,9931112,有明,2,99311,ゆりかもめ東京臨海新交通臨海線
9931112,9931112,有明,9931113,9931113,有明テニスの森,1,99311,ゆりかもめ東京臨海新交通臨海線
9931113,9931113,有明テニスの森,9931114,9931114,市場前,2,99311,ゆりかもめ東京臨海新交通臨海線
9931114,9931114,市場前,9931115,9931115,新豊洲,2,99311,ゆりかもめ東京臨海新交通臨海線
9931115,9931115,新豊洲,9931116,2800622,豊洲,2,99311,ゆりかもめ東京臨海新交通臨海線
9933401,2400208,多摩センター,9933402,9933402,松が谷,3,99334,多摩都市モノレール線
9933402,9933402,松が谷,9933403,9933403,大塚・帝京大学,1,99334,多摩都市モノレール線
9933403,9933403,大塚・帝京大学,9933404,9933404,中央大学・明星大学,2,99334,多摩都市モノレール線
9933404,9933404,中央大学・明星大学,9933405,2400502,多摩動物公園,3,99334,多摩都市モノレール線
9933405,2400502,多摩動物公園,9933406,9933406,程久保,2,99334,多摩都市モノレール線
9933406,9933406,程久保,9933407,2400129,高幡不動,2,99334,多摩都市モノレール線
9933407,2400129,高幡不動,9933408,9933408,万願寺,3,99334,多摩都市モノレール線
9933408,9933408,万願寺,9933409,9933409,甲州街道,2,99334,多摩都市モノレール線
9933409,9933409,甲州街道,9933410,9933410,柴崎体育館,3,99334,多摩都市モノレール線
9933410,9933410,柴崎体育館,9933411,9933411,立川南,2,99334,多摩都市モノレール線
9933411,9933411,立川南,9933412,9933412,立川北,2,99334,多摩都市モノレール線
9933412,9933412,立川北,9933413,9933413,高松,3,99334,多摩都市モノレール線
9933413,9933413,高松,9933414,9933414,立飛,1,99334,多摩都市モノレール線
9933414,9933414,立飛,9933415,9933415,泉体育館,1,99334,多摩都市モノレール線
9933415,9933415,泉体育館,9933416,9933416,砂川七番,2,99334,多摩都市モノレール線
9933416,9933416,砂川七番,9933417,2200805,玉川上水,2,99334,多摩都市モノレール線
9933417,2200805,玉川上水,9933418,9933418,桜街道,1,99334,多摩都市モノレール線
9933418,9933418,桜街道,9933419,9933419,上北台,2,99334,多摩都市モノレール線
9933601,1130227,浜松町,9933602,9933602,天王洲アイル,4,99336,東京モノレール羽田空港線
9933602,9933602,天王洲アイル,9933603,9933603,大井競馬場前,3,99336,東京モノレール羽田空港線
9933603,9933603,大井競馬場前,9933604,9933604,流通センター,2,99336,東京モノレール羽田空港線
9933604,9933604,流通センター,9933605,9933605,昭和島,2,99336,東京モノレール羽田空港線
9933605,9933605,昭和島,9933606,9933606,整備場,2,99336,東京モノレール羽田空港線
9933606,9933606,整備場,9933607,2700205,天空橋,1,99336,東京モノレール羽田空港線
9933607,2700205,天空橋,9933611,2700207,羽田空港第三ターミナル,2,99336,東京モノレール羽田空港線
9933608,9933608,新整備場,9933609,2700206,羽田空港第一ターミナル,1,99336,東京モノレール羽田空港線
9933609,2700206,羽田空港第一ターミナル,9933610,2700206,羽田空港第三ターミナル,1,99336,東京モノレール羽田空港線
9933611,2700207,羽田空港第三ターミナル,9933608,9933608,新整備場,3,99336,東京モノレール羽田空港線
9933701,1132605,新木場,9933702,9933702,東雲,2,99337,東京臨海高速鉄道りんかい線
9933702,9933702,東雲,9933703,9933703,国際展示場,2,99337,東京臨海高速鉄道りんかい線
9933703,9933703,国際展示場,9933704,9933704,東京テレポート,1,99337,東京臨海高速鉄道りんかい線
9933704,9933704,東京テレポート,9933705,9933602,天王洲アイル,3,99337,東京臨海高速鉄道りんかい線
9933705,9933602,天王洲アイル,9933706,9933706,品川シーサイド,2,99337,東京臨海高速鉄道りんかい線
9933706,9933706,品川シーサイド,9933707,1133228,大井町,2,99337,東京臨海高速鉄道りんかい線
9933707,1133228,大井町,9933708,1130201,大崎,3,99337,東京臨海高速鉄道りんかい線
9934001,2300110,京成高砂,9934002,9934002,新柴又,2,99340,北総鉄道北総線
9934201,1130218,日暮里,9934202,1130217,西日暮里,1,99342,日暮里・舎人ライナー
9934202,1130217,西日暮里,9934203,9934203,赤土小学校前,1,99342,日暮里・舎人ライナー
9934203,9934203,赤土小学校前,9934204,9930509,熊野前,1,99342,日暮里・舎人ライナー
9934204,9930509,熊野前,9934205,9934205,足立小台,1,99342,日暮里・舎人ライナー
9934205,9934205,足立小台,9934206,9934206,扇大橋,1,99342,日暮里・舎人ライナー
9934206,9934206,扇大橋,9934207,9934207,高野,1,99342,日暮里・舎人ライナー
9934207,9934207,高野,9934208,9934208,江北,1,99342,日暮里・舎人ライナー
9934208,9934208,江北,9934209,9934209,西新井大師西,2,99342,日暮里・舎人ライナー
9934209,9934209,西新井大師西,9934210,9934210,谷在家,1,99342,日暮里・舎人ライナー
9934210,9934210,谷在家,9934211,9934211,舎人公園,1,99342,日暮里・舎人ライナー
9934211,9934211,舎人公園,9934212,9934212,舎人,2,99342,日暮里・舎人ライナー
9934212,9934212,舎人,9934213,9934213,見沼代親水公園,2,99342,日暮里・舎人ライナー